Time,Setpoint,Measured,Control,P_Term,I_Term,D_Term,Anti_Windup
0,5,0.118526,5.7515,0.75,0.0015,5,0
0.01,5,0.121094,0.61666,0.732221,0.00296444,-0.118526,0
0.02,5,0.12664,0.733696,0.731836,0.00442811,-0.00256812,0
0.03,5,0.135991,0.731349,0.731004,0.00589012,-0.00554557,0
0.04,5,0.150432,0.727599,0.729601,0.00734932,-0.00935128,0
0.05,5,0.160804,0.721799,0.727435,0.0088042,-0.0144409,0
0.06,5,0.176683,0.725763,0.725879,0.010256,-0.0103726,0
0.07,5,0.191243,0.719321,0.723498,0.0117029,-0.0158791,0
0.08,5,0.20619,0.7199,0.721314,0.0131456,-0.0145593,0
0.09,5,0.221929,0.718708,0.719072,0.0145837,-0.0149473,0
0.1,5,0.233226,0.716989,0.716711,0.0160171,-0.0157392,0
0.11,5,0.240889,0.721167,0.715016,0.0174472,-0.0112965,0
0.12,5,0.249839,0.725078,0.713867,0.0188749,-0.00766347,0
0.13,5,0.260421,0.723874,0.712524,0.0203,-0.00894973,0
0.14,5,0.264184,0.722076,0.710937,0.0217218,-0.0105827,0
0.15,5,0.276071,0.729752,0.710372,0.0231426,-0.00376275,0
0.16,5,0.297657,0.721262,0.708589,0.0245598,-0.0118868,0
0.17,5,0.311601,0.709736,0.705351,0.0259705,-0.021586,0
0.18,5,0.319992,0.716693,0.70326,0.027377,-0.013944,0
0.19,5,0.331286,0.722391,0.702001,0.028781,-0.00839132,0
0.2,5,0.332154,0.719195,0.700307,0.0301816,-0.0112939,0
0.21,5,0.342017,0.730892,0.700177,0.0315819,-0.000867398,0
0.22,5,0.345497,0.721814,0.698698,0.0329793,-0.009863,0
0.23,5,0.353559,0.729071,0.698175,0.0343757,-0.00348028,0
0.24,5,0.362824,0.724673,0.696966,0.0357696,-0.00806246,0
0.25,5,0.36699,0.723473,0.695576,0.0371608,-0.00926436,0
0.26,5,0.376001,0.729336,0.694951,0.0385507,-0.00416659,0
0.27,5,0.386363,0.724527,0.6936,0.0399379,-0.00901088,0
0.28,5,0.390373,0.723006,0.692046,0.041322,-0.0103616,0
0.29,5,0.410552,0.730139,0.691444,0.0427049,-0.00400972,0
0.3,5,0.412233,0.712319,0.688417,0.0440817,-0.0201798,0
0.31,5,0.421589,0.731942,0.688165,0.045458,-0.00168091,0
0.32,5,0.428497,0.724237,0.686762,0.0468315,-0.00935596,0
0.33,5,0.438799,0.727021,0.685725,0.048203,-0.00690778,0
0.34,5,0.437433,0.72345,0.68418,0.0495714,-0.010302,0
0.35,5,0.451423,0.736691,0.684385,0.0509401,0.0013656,0
0.36,5,0.456663,0.720602,0.682287,0.0523047,-0.0139895,0
0.37,5,0.454967,0.729928,0.681501,0.0536677,-0.00524009,0
0.38,5,0.464801,0.738482,0.681755,0.0550312,0.00169573,0
0.39,5,0.467953,0.726838,0.68028,0.0563918,-0.00983374,0
0.4,5,0.464966,0.734406,0.679807,0.0577514,-0.00315232,0
0.41,5,0.474289,0.742354,0.680255,0.0591119,0.00298705,0
0.42,5,0.475863,0.730003,0.678857,0.0604696,-0.00932286,0
0.43,5,0.47893,0.738873,0.678621,0.0618268,-0.00157414,0
0.44,5,0.483358,0.738278,0.678161,0.0631832,-0.00306622,0
0.45,5,0.485995,0.737606,0.677496,0.0645382,-0.00442845,0
0.46,5,0.489582,0.740356,0.677101,0.0658924,-0.0026367,0
0.47,5,0.497832,0.740221,0.676563,0.0672455,-0.00358753,0
0.48,5,0.513607,0.735672,0.675325,0.0685961,-0.00824971,0
0.49,5,0.521271,0.727126,0.672959,0.0699421,-0.0157752,0
0.5,5,0.519249,0.735431,0.671809,0.0712857,-0.00766405,0
0.51,5,0.525024,0.746765,0.672113,0.0726299,0.00202236,0
0.52,5,0.532056,0.739443,0.671246,0.0739724,-0.00577562,0
0.53,5,0.54163,0.738473,0.670192,0.0753128,-0.00703132,0
0.54,5,0.550675,0.735831,0.668755,0.0766503,-0.0095743,0
0.55,5,0.550782,0.736339,0.667399,0.0779851,-0.00904456,0
0.56,5,0.553623,0.746596,0.667383,0.0793199,-0.000106894,0
0.57,5,0.558212,0.744769,0.666957,0.0806538,-0.00284152,0
0.58,5,0.570585,0.743666,0.666268,0.0819863,-0.00458881,0
0.59,5,0.575024,0.735354,0.664412,0.0833151,-0.0123733,0
0.6,5,0.578637,0.743951,0.663746,0.0846426,-0.00443848,0
0.61,5,0.579582,0.74556,0.663204,0.085969,-0.00361334,0
0.62,5,0.588536,0.749413,0.663063,0.0872952,-0.000944664,0
0.63,5,0.589871,0.741384,0.66172,0.0886186,-0.00895442,0
0.64,5,0.591901,0.750126,0.661519,0.0899416,-0.00133504,0
0.65,5,0.598472,0.750449,0.661215,0.0912641,-0.00202996,0
0.66,5,0.609529,0.746243,0.660229,0.0925845,-0.0065711,0
0.67,5,0.611464,0.741416,0.658571,0.0939017,-0.0110564,0
0.68,5,0.610405,0.751563,0.65828,0.0952182,-0.00193548,0
0.69,5,0.61471,0.756033,0.658439,0.0965351,0.00105892,0
0.7,5,0.619751,0.751339,0.657793,0.0978507,-0.00430489,0
0.71,5,0.627941,0.751161,0.657037,0.0991648,-0.00504106,0
0.72,5,0.63593,0.748095,0.655809,0.100476,-0.00819001,0
0.73,5,0.636319,0.748407,0.65461,0.101786,-0.00798912,0
0.74,5,0.633337,0.757258,0.654552,0.103095,-0.000388462,0
0.75,5,0.639594,0.762386,0.654999,0.104405,0.00298193,0
0.76,5,0.635292,0.753517,0.654061,0.105713,-0.00625677,0
0.77,5,0.635615,0.76603,0.654706,0.107022,0.00430131,0
0.78,5,0.645767,0.762666,0.654658,0.108332,-0.000322865,0
0.79,5,0.65293,0.752621,0.653135,0.109638,-0.0101521,0
0.8,5,0.660981,0.75584,0.652061,0.110942,-0.00716236,0
0.81,5,0.661751,0.755045,0.650853,0.112244,-0.00805179,0
0.82,5,0.671501,0.763513,0.650737,0.113545,-0.000769203,0
0.83,5,0.677981,0.754369,0.649275,0.114844,-0.00974992,0
0.84,5,0.680943,0.757963,0.648303,0.11614,-0.00648046,0
0.85,5,0.677313,0.762333,0.647859,0.117436,-0.00296159,0
0.86,5,0.678265,0.770765,0.648403,0.118733,0.00362919,0
0.87,5,0.682459,0.767338,0.64826,0.120029,-0.000951752,0
0.88,5,0.682042,0.764762,0.647631,0.121325,-0.0041941,0
0.89,5,0.683796,0.770731,0.647694,0.12262,0.000417689,0
0.9,5,0.683321,0.76959,0.647431,0.123915,-0.0017549,0
0.91,5,0.679573,0.773188,0.647502,0.12521,0.0004758,0
0.92,5,0.687807,0.778317,0.648064,0.126506,0.00374745,0
0.93,5,0.6916,0.766394,0.646829,0.1278,-0.00823413,0
0.94,5,0.689247,0.771559,0.64626,0.129092,-0.00379268,0
0.95,5,0.69115,0.779352,0.646613,0.130385,0.00235325,0
0.96,5,0.690629,0.776102,0.646327,0.131678,-0.00190331,0
0.97,5,0.691127,0.779898,0.646406,0.132971,0.000521031,0
0.98,5,0.695757,0.780097,0.646331,0.134263,-0.000497834,0
0.99,5,0.695987,0.776562,0.645637,0.135555,-0.00462973,0
1,5,0.701058,0.782217,0.645602,0.136846,-0.000230618,0
1.01,5,0.690441,0.777906,0.644841,0.138136,-0.00507087,0
1.02,5,0.68174,0.79648,0.646434,0.139429,0.0106174,0
1.03,5,0.687883,0.797164,0.647739,0.140724,0.00870072,0
1.04,5,0.69127,0.782692,0.646818,0.142018,-0.00614301,0
1.05,5,0.691755,0.786232,0.646309,0.14331,-0.00338734,0
1.06,5,0.698302,0.790354,0.646237,0.144603,-0.000484951,0
1.07,5,0.701882,0.784601,0.645255,0.145893,-0.00654673,0
1.08,5,0.700882,0.788321,0.644718,0.147183,-0.00357974,0
1.09,5,0.705039,0.794339,0.644868,0.148472,0.000999422,0
1.1,5,0.706559,0.789849,0.644244,0.149761,-0.0041562,0
1.11,5,0.702672,0.793545,0.644016,0.151049,-0.00152035,0
1.12,5,0.703111,0.800825,0.644599,0.152338,0.00388715,0
1.13,5,0.700623,0.797721,0.644533,0.153627,-0.000439276,0
1.14,5,0.699923,0.802312,0.644907,0.154917,0.00248796,0
1.15,5,0.700718,0.801919,0.645012,0.156207,0.000700436,0
1.16,5,0.704206,0.801593,0.644892,0.157497,-0.000795911,0
1.17,5,0.707707,0.799667,0.644369,0.158786,-0.0034877,0
1.18,5,0.712655,0.800417,0.643844,0.160073,-0.00350054,0
1.19,5,0.712992,0.799513,0.643102,0.161359,-0.00494802,0
1.2,5,0.71992,0.80536,0.643051,0.162646,-0.000336916,0
1.21,5,0.730348,0.799014,0.642012,0.16393,-0.00692793,0
1.22,5,0.72938,0.79523,0.640448,0.16521,-0.0104283,0
1.23,5,0.732497,0.808052,0.640593,0.166492,0.000967492,0
1.24,5,0.727356,0.804781,0.640125,0.167772,-0.00311664,0
1.25,5,0.731182,0.815091,0.640897,0.169054,0.00514062,0
1.26,5,0.735996,0.806832,0.640323,0.170334,-0.00382531,0
1.27,5,0.740466,0.8064,0.639601,0.171614,-0.00481417,0
1.28,5,0.741804,0.807352,0.63893,0.172891,-0.00446963,0
1.29,5,0.742453,0.811559,0.638729,0.174169,-0.00133885,0
1.3,5,0.744955,0.81343,0.638632,0.175446,-0.000648449,0
1.31,5,0.74734,0.812478,0.638257,0.176723,-0.00250191,0
1.32,5,0.753021,0.813512,0.637899,0.177998,-0.00238562,0
1.33,5,0.755453,0.810639,0.637047,0.179273,-0.00568055,0
1.34,5,0.749573,0.814796,0.636682,0.180546,-0.0024319,0
1.35,5,0.752636,0.825265,0.637564,0.181821,0.00588005,0
1.36,5,0.760077,0.817137,0.637105,0.183095,-0.00306293,0
1.37,5,0.762837,0.812914,0.635988,0.184367,-0.0074412,0
1.38,5,0.752353,0.818453,0.635575,0.185638,-0.00275979,0
1.39,5,0.761084,0.834543,0.637147,0.186913,0.0104837,0
1.4,5,0.775768,0.815291,0.635837,0.188184,-0.00873112,0
1.41,5,0.781735,0.808402,0.633635,0.189452,-0.0146844,0
1.42,5,0.781911,0.81749,0.63274,0.190717,-0.0059668,0
1.43,5,0.773546,0.824521,0.632713,0.191983,-0.000175338,0
1.44,5,0.777299,0.835583,0.633968,0.19325,0.00836446,0
1.45,5,0.783289,0.82417,0.633405,0.194517,-0.00375251,0
1.46,5,0.785536,0.822298,0.632507,0.195782,-0.00599083,0
1.47,5,0.792026,0.82697,0.63217,0.197047,-0.00224605,0
1.48,5,0.786695,0.823015,0.631196,0.198309,-0.00649012,0
1.49,5,0.790328,0.8369,0.631996,0.199573,0.0053309,0
1.5,5,0.786828,0.828653,0.631451,0.200836,-0.00363364,0
1.51,5,0.787425,0.837577,0.631976,0.2021,0.00350087,0
1.52,5,0.792578,0.834652,0.631886,0.203364,-0.000597563,0
1.53,5,0.805846,0.830587,0.631113,0.204626,-0.00515257,0
1.54,5,0.803759,0.821738,0.629123,0.205884,-0.0132688,0
1.55,5,0.806912,0.838667,0.629436,0.207143,0.00208751,0
1.56,5,0.805047,0.834211,0.628963,0.208401,-0.00315348,0
1.57,5,0.814014,0.840768,0.629243,0.209659,0.0018656,0
1.58,5,0.81377,0.829846,0.627898,0.210915,-0.00896696,0
1.59,5,0.81616,0.840349,0.627934,0.212171,0.000243388,0
1.6,5,0.815801,0.838613,0.627576,0.213426,-0.00238924,0
1.61,5,0.822147,0.84267,0.62763,0.214681,0.00035854,0
1.62,5,0.818387,0.836267,0.626678,0.215935,-0.00634578,0
1.63,5,0.819482,0.848191,0.627242,0.217189,0.00376007,0
1.64,5,0.816097,0.844426,0.627078,0.218443,-0.00109528,0
1.65,5,0.813223,0.850669,0.627585,0.219699,0.00338479,0
1.66,5,0.81398,0.851846,0.628017,0.220955,0.00287464,0
1.67,5,0.808199,0.849356,0.627903,0.22221,-0.000757632,0
1.68,5,0.805873,0.858019,0.62877,0.223468,0.00578129,0
1.69,5,0.801457,0.856172,0.629119,0.224726,0.00232625,0
1.7,5,0.803946,0.860183,0.629781,0.225986,0.00441578,0
1.71,5,0.803335,0.854164,0.629408,0.227245,-0.00248897,0
1.72,5,0.805582,0.858615,0.6295,0.228504,0.000611228,0
1.73,5,0.806927,0.856677,0.629163,0.229762,-0.00224752,0
1.74,5,0.808099,0.858636,0.628961,0.23102,-0.00134487,0
1.75,5,0.803893,0.85989,0.628785,0.232277,-0.00117215,0
1.76,5,0.809652,0.867158,0.629416,0.233536,0.00420576,0
1.77,5,0.803604,0.857587,0.628552,0.234793,-0.00575869,0
1.78,5,0.800455,0.871559,0.629459,0.236052,0.00604777,0
1.79,5,0.805114,0.870394,0.629932,0.237312,0.00314962,0
1.8,5,0.806572,0.863145,0.629233,0.238571,-0.00465891,0
1.81,5,0.808566,0.867384,0.629014,0.239829,-0.00145863,0
1.82,5,0.807288,0.867808,0.628715,0.241086,-0.00199331,0
1.83,5,0.813327,0.872528,0.628907,0.242344,0.00127731,0
1.84,5,0.81362,0.865562,0.628001,0.2436,-0.00603893,0
1.85,5,0.812888,0.87252,0.627957,0.244856,-0.00029241,0
1.86,5,0.812301,0.874911,0.628067,0.246112,0.000731787,0
1.87,5,0.806572,0.87611,0.628155,0.247368,0.00058706,0
1.88,5,0.805156,0.883369,0.629014,0.248626,0.00572858,0
1.89,5,0.808489,0.880528,0.629227,0.249885,0.00141645,0
1.9,5,0.810489,0.876536,0.628727,0.251142,-0.00333288,0
1.91,5,0.815505,0.878826,0.628427,0.252399,-0.00200017,0
1.92,5,0.824562,0.876312,0.627674,0.253654,-0.00501648,0
1.93,5,0.821882,0.872166,0.626316,0.254907,-0.00905638,0
1.94,5,0.823611,0.885558,0.626718,0.25616,0.00267991,0
1.95,5,0.810768,0.882142,0.626458,0.257413,-0.00172927,0
1.96,5,0.814577,0.899898,0.628385,0.25867,0.0128432,0
1.97,5,0.820321,0.883931,0.627814,0.259926,-0.00380874,0
1.98,5,0.823064,0.882387,0.626952,0.26118,-0.00574489,0
1.99,5,0.820629,0.886231,0.62654,0.262433,-0.00274215,0
2,5,0.823384,0.893027,0.626906,0.263687,0.00243458,0
2.01,5,0.828277,0.888677,0.626492,0.26494,-0.00275483,0
2.02,5,0.82733,0.887057,0.625758,0.266191,-0.004893,0
2.03,5,0.835347,0.894291,0.625901,0.267443,0.000947204,0
2.04,5,0.832636,0.885373,0.624698,0.268692,-0.0080176,0
2.05,5,0.835862,0.897758,0.625105,0.269942,0.00271097,0
2.06,5,0.837828,0.892587,0.624621,0.271192,-0.00322534,0
2.07,5,0.838482,0.8948,0.624326,0.27244,-0.00196604,0
2.08,5,0.835078,0.897262,0.624228,0.273689,-0.000654238,0
2.09,5,0.835151,0.903081,0.624738,0.274938,0.00340402,0
2.1,5,0.83046,0.900842,0.624727,0.276188,-7.31579e-05,0
2.11,5,0.829866,0.907561,0.625431,0.277439,0.00469126,0
2.12,5,0.836471,0.904803,0.62552,0.27869,0.000593497,0
2.13,5,0.830909,0.897864,0.624529,0.279939,-0.0066044,0
2.14,5,0.827727,0.912115,0.625364,0.281189,0.00556193,0
2.15,5,0.825614,0.911464,0.625841,0.282441,0.00318171,0
2.16,5,0.827747,0.911964,0.626158,0.283693,0.00211279,0
2.17,5,0.828146,0.90865,0.625838,0.284945,-0.00213266,0
2.18,5,0.829502,0.911575,0.625778,0.286197,-0.000399468,0
2.19,5,0.827527,0.911667,0.625575,0.287448,-0.00135522,0
2.2,5,0.825947,0.916545,0.625871,0.2887,0.00197446,0
2.21,5,0.827925,0.91764,0.626108,0.289952,0.00157991,0
2.22,5,0.828146,0.915037,0.625811,0.291203,-0.00197799,0
2.23,5,0.838974,0.918013,0.625778,0.292455,-0.000220501,0
2.24,5,0.836432,0.907029,0.624154,0.293703,-0.0108283,0
2.25,5,0.824438,0.92203,0.624535,0.294952,0.0025423,0
2.26,5,0.832338,0.934533,0.626334,0.296205,0.0119934,0
2.27,5,0.838081,0.914705,0.625149,0.297455,-0.00790004,0
2.28,5,0.846721,0.917249,0.624288,0.298704,-0.00574278,0
2.29,5,0.844337,0.914301,0.622992,0.29995,-0.00864024,0
2.3,5,0.846803,0.92693,0.623349,0.301197,0.00238436,0
2.31,5,0.850671,0.922956,0.62298,0.302443,-0.00246582,0
2.32,5,0.845185,0.922218,0.622399,0.303687,-0.00386855,0
2.33,5,0.84466,0.933642,0.623222,0.304934,0.00548621,0
2.34,5,0.8374,0.930007,0.623301,0.30618,0.000525486,0
2.35,5,0.840969,0.939078,0.62439,0.307429,0.0072594,0
2.36,5,0.850655,0.928963,0.623855,0.308677,-0.00356843,0
2.37,5,0.855538,0.922637,0.622402,0.309922,-0.00968618,0
2.38,5,0.854999,0.927951,0.621669,0.311165,-0.00488349,0
2.39,5,0.849028,0.934698,0.62175,0.312408,0.000539426,0
2.4,5,0.859827,0.942271,0.622646,0.313654,0.00597117,0
2.41,5,0.857092,0.925123,0.621026,0.314896,-0.0107991,0
2.42,5,0.862949,0.94031,0.621436,0.316139,0.00273482,0
2.43,5,0.860748,0.932081,0.620558,0.31738,-0.00585693,0
2.44,5,0.865987,0.94171,0.620888,0.318622,0.00220046,0
2.45,5,0.869029,0.934725,0.620102,0.319862,-0.00523869,0
2.46,5,0.871311,0.937705,0.619646,0.321101,-0.00304153,0
2.47,5,0.881114,0.939361,0.619303,0.32234,-0.00228193,0
2.48,5,0.888626,0.931605,0.617833,0.323575,-0.00980342,0
2.49,5,0.894515,0.934003,0.616706,0.324809,-0.00751165,0
2.5,5,0.88803,0.935974,0.615823,0.32604,-0.00588891,0
2.51,5,0.894215,0.950554,0.616795,0.327274,0.0064844,0
2.52,5,0.882601,0.938188,0.615868,0.328506,-0.00618516,0
2.53,5,0.885782,0.958965,0.61761,0.329741,0.0116142,0
2.54,5,0.886427,0.944927,0.617133,0.330975,-0.00318057,0
2.55,5,0.893187,0.9486,0.617036,0.332209,-0.000645598,0
2.56,5,0.88971,0.942704,0.616022,0.333441,-0.00675959,0
2.57,5,0.884948,0.954694,0.616543,0.334674,0.00347649,0
2.58,5,0.882482,0.957929,0.617258,0.335909,0.00476242,0
2.59,5,0.885701,0.957238,0.617628,0.337144,0.00246645,0
2.6,5,0.888068,0.952304,0.617145,0.338378,-0.00321932,0
2.61,5,0.88895,0.954035,0.61679,0.339612,-0.00236723,0
2.62,5,0.899221,0.956621,0.616657,0.340845,-0.000881867,0
2.63,5,0.900641,0.946921,0.615117,0.342076,-0.0102711,0
2.64,5,0.903002,0.956789,0.614904,0.343305,-0.00142028,0
2.65,5,0.910155,0.956723,0.61455,0.344535,-0.00236109,0
2.66,5,0.906218,0.952086,0.613477,0.345761,-0.00715268,0
2.67,5,0.912695,0.964995,0.614067,0.34699,0.00393764,0
2.68,5,0.903853,0.954834,0.613096,0.348216,-0.00647795,0
2.69,5,0.903095,0.97271,0.614422,0.349445,0.00884286,0
2.7,5,0.906218,0.965967,0.614536,0.350674,0.000757322,0
2.71,5,0.911476,0.962847,0.614067,0.351902,-0.00312245,0
2.72,5,0.913311,0.961149,0.613279,0.353128,-0.00525807,0
2.73,5,0.91465,0.965523,0.613003,0.354354,-0.00183526,0
2.74,5,0.914125,0.967044,0.612803,0.35558,-0.00133874,0
2.75,5,0.91862,0.970211,0.612881,0.356806,0.000524313,0
2.76,5,0.919118,0.965743,0.612207,0.35803,-0.00449432,0
2.77,5,0.925567,0.970888,0.612132,0.359254,-0.000498419,0
2.78,5,0.922151,0.965193,0.611165,0.360477,-0.00644852,0
2.79,5,0.926419,0.976793,0.611677,0.3617,0.00341549,0
2.8,5,0.921071,0.969692,0.611037,0.362922,-0.00426775,0
2.81,5,0.920407,0.981333,0.611839,0.364146,0.00534777,0
2.82,5,0.921457,0.977973,0.611939,0.36537,0.000664339,0
2.83,5,0.926033,0.977324,0.611781,0.366593,-0.00105047,0
2.84,5,0.929117,0.974335,0.611095,0.367816,-0.00457579,0
2.85,5,0.921127,0.976585,0.610632,0.369037,-0.00308395,0
2.86,5,0.920094,0.990082,0.611831,0.37026,0.00799047,0
2.87,5,0.926159,0.984503,0.611986,0.371484,0.00103291,0
2.88,5,0.92729,0.977717,0.611076,0.372707,-0.00606567,0
2.89,5,0.928769,0.983705,0.610907,0.373928,-0.00113037,0
2.9,5,0.93375,0.984355,0.610685,0.37515,-0.00147924,0
2.91,5,0.941998,0.981326,0.609938,0.37637,-0.00498071,0
2.92,5,0.937344,0.978039,0.6087,0.377587,-0.00824806,0
2.93,5,0.930778,0.992858,0.609398,0.378806,0.00465402,0
2.94,5,0.932737,0.996975,0.610383,0.380027,0.00656543,0
2.95,5,0.933592,0.989377,0.610089,0.381247,-0.00195891,0
2.96,5,0.925815,0.991573,0.609961,0.382467,-0.000854787,0
2.97,5,0.933091,1.00259,0.611128,0.383689,0.00777702,0
2.98,5,0.930817,0.98767,0.610036,0.384909,-0.00727557,0
2.99,5,0.928325,0.99878,0.610377,0.38613,0.00227314,0
3,5,0.930527,1.00059,0.610751,0.387351,0.00249239,0
3.01,5,0.933584,0.996791,0.610421,0.388572,-0.00220212,0
3.02,5,0.937326,0.996697,0.609962,0.389792,-0.00305701,0
3.03,5,0.943892,0.996671,0.609401,0.391011,-0.00374142,0
3.04,5,0.946138,0.994077,0.608416,0.392228,-0.00656661,0
3.05,5,0.952132,0.999277,0.608079,0.393444,-0.00224573,0
3.06,5,0.948812,0.995844,0.60718,0.394658,-0.005994,0
3.07,5,0.95625,1.00687,0.607678,0.395874,0.00331989,0
3.08,5,0.956676,0.996212,0.606563,0.397087,-0.00743753,0
3.09,5,0.965954,1.00437,0.606499,0.3983,-0.000426494,0
3.1,5,0.964859,0.995339,0.605107,0.39951,-0.00927783,0
3.11,5,0.965613,1.00709,0.605271,0.40072,0.00109508,0
3.12,5,0.965324,1.00633,0.605158,0.401931,-0.000754397,0
3.13,5,0.96561,1.00863,0.605201,0.403141,0.000289557,0
3.14,5,0.956931,1.00922,0.605158,0.404351,-0.000286813,0
3.15,5,0.955115,1.0207,0.60646,0.405564,0.0086793,0
3.16,5,0.957288,1.01533,0.606733,0.406778,0.00181576,0
3.17,5,0.95668,1.01222,0.606407,0.407991,-0.00217277,0
3.18,5,0.969687,1.01631,0.606498,0.409204,0.000608166,0
3.19,5,0.968195,1.00195,0.604547,0.410413,-0.0130071,0
3.2,5,0.969924,1.01788,0.604771,0.411622,0.00149163,0
3.21,5,0.971462,1.01561,0.604511,0.412831,-0.00172864,0
3.22,5,0.972381,1.01678,0.604281,0.41404,-0.0015379,0
3.23,5,0.980536,1.01847,0.604143,0.415248,-0.000919075,0
3.24,5,0.985702,1.01122,0.60292,0.416454,-0.00815459,0
3.25,5,0.992186,1.01464,0.602145,0.417658,-0.00516626,0
3.26,5,0.997625,1.01355,0.601172,0.418861,-0.00648391,0
3.27,5,1.00119,1.01498,0.600356,0.420061,-0.00543967,0
3.28,5,1.00847,1.01752,0.599821,0.421261,-0.00356604,0
3.29,5,1.00746,1.01391,0.59873,0.422458,-0.00727455,0
3.3,5,1.00624,1.02354,0.59888,0.423656,0.00100152,0
3.31,5,1.00729,1.02515,0.599065,0.424854,0.00122809,0
3.32,5,1.0133,1.0239,0.598906,0.426052,-0.00105482,0
3.33,5,1.00527,1.01925,0.598005,0.427248,-0.00600819,0
3.34,5,1.01074,1.03569,0.599209,0.428447,0.00802918,0
3.35,5,1.00922,1.02256,0.598389,0.429643,-0.00547048,0
3.36,5,1.01171,1.03098,0.598618,0.430841,0.00152441,0
3.37,5,1.01457,1.02779,0.598243,0.432037,-0.00249421,0
3.38,5,1.01033,1.02819,0.597814,0.433233,-0.00286171,0
3.39,5,1.00409,1.03713,0.598451,0.43443,0.00424472,0
3.4,5,1.00798,1.04125,0.599386,0.435628,0.00623479,0
3.41,5,1.01178,1.03175,0.598804,0.436826,-0.00388248,0
3.42,5,1.00924,1.03245,0.598233,0.438022,-0.00380759,0
3.43,5,1.01569,1.04038,0.598615,0.43922,0.00254687,0
3.44,5,1.01828,1.03161,0.597647,0.440415,-0.00645099,0
3.45,5,1.01946,1.03627,0.597258,0.44161,-0.00259476,0
3.46,5,1.02315,1.0387,0.597081,0.442804,-0.00118093,0
3.47,5,1.02101,1.03684,0.596527,0.443997,-0.00368754,0
3.48,5,1.02539,1.04418,0.596848,0.44519,0.00213992,0
3.49,5,1.01984,1.03819,0.596191,0.446383,-0.00438146,0
3.5,5,1.0191,1.05015,0.597024,0.447577,0.00555212,0
3.51,5,1.02368,1.04665,0.597135,0.448771,0.000740349,0
3.52,5,1.02044,1.04183,0.596448,0.449964,-0.0045799,0
3.53,5,1.02082,1.05133,0.596933,0.451158,0.00323578,0
3.54,5,1.02471,1.04885,0.596877,0.452352,-0.000377198,0
3.55,5,1.0206,1.04595,0.596294,0.453544,-0.00388741,0
3.56,5,1.02227,1.05576,0.596911,0.454738,0.00411221,0
3.57,5,1.02566,1.05092,0.59666,0.455931,-0.00167267,0
3.58,5,1.02787,1.04988,0.596151,0.457124,-0.00339277,0
3.59,5,1.03406,1.05192,0.595819,0.458315,-0.0022137,0
3.6,5,1.03448,1.04822,0.594892,0.459505,-0.00618024,0
3.61,5,1.03057,1.0551,0.594828,0.460695,-0.000424512,0
3.62,5,1.03216,1.06121,0.595415,0.461886,0.00391088,0
3.63,5,1.03355,1.05666,0.595176,0.463076,-0.00159338,0
3.64,5,1.03094,1.05785,0.594968,0.464266,-0.00138715,0
3.65,5,1.03746,1.06343,0.595359,0.465457,0.00261035,0
3.66,5,1.03738,1.05451,0.594382,0.466645,-0.00651616,0
3.67,5,1.03989,1.06231,0.594393,0.467834,7.845e-05,0
3.68,5,1.04013,1.06052,0.594016,0.469022,-0.00251805,0
3.69,5,1.03583,1.06395,0.59398,0.47021,-0.000237346,0
3.7,5,1.04135,1.07033,0.594626,0.471399,0.00430569,0
3.71,5,1.03419,1.06086,0.593797,0.472587,-0.00552562,0
3.72,5,1.037,1.07581,0.594871,0.473777,0.00715774,0
3.73,5,1.03492,1.06661,0.59445,0.474966,-0.0028046,0
3.74,5,1.0374,1.073,0.594762,0.476155,0.00208143,0
3.75,5,1.03882,1.06925,0.59439,0.477344,-0.00248286,0
3.76,5,1.03601,1.07129,0.594177,0.478532,-0.00141678,0
3.77,5,1.03843,1.07713,0.594599,0.479721,0.0028098,0
3.78,5,1.04374,1.07272,0.594235,0.48091,-0.00242702,0
3.79,5,1.03826,1.07023,0.593439,0.482097,-0.00530294,0
3.8,5,1.04141,1.08302,0.594261,0.483285,0.00547602,0
3.81,5,1.04822,1.07512,0.593789,0.484473,-0.00314463,0
3.82,5,1.0398,1.07161,0.592767,0.485658,-0.00681373,0
3.83,5,1.04715,1.08929,0.59403,0.486847,0.0084172,0
3.84,5,1.04488,1.07362,0.592928,0.488032,-0.00734296,0
3.85,5,1.04593,1.08475,0.593268,0.489219,0.00226438,0
3.86,5,1.04622,1.08247,0.593111,0.490405,-0.001048,0
3.87,5,1.04468,1.08437,0.593067,0.491591,-0.00028997,0
3.88,5,1.0488,1.08762,0.593299,0.492778,0.00154269,0
3.89,5,1.04601,1.08252,0.592679,0.493963,-0.00412763,0
3.9,5,1.05106,1.09104,0.593098,0.495149,0.00279333,0
3.91,5,1.04731,1.08363,0.592341,0.496334,-0.00504799,0
3.92,5,1.05428,1.09417,0.592903,0.49752,0.00374847,0
3.93,5,1.05429,1.08359,0.591857,0.498704,-0.00697409,0
3.94,5,1.05439,1.09174,0.591856,0.499887,-7.27149e-06,0
3.95,5,1.05809,1.09281,0.591842,0.501071,-9.85359e-05,0
3.96,5,1.0553,1.08984,0.591286,0.502254,-0.00370032,0
3.97,5,1.05491,1.09793,0.591705,0.503437,0.00278865,0
3.98,5,1.06372,1.09677,0.591763,0.504621,0.000387282,0
3.99,5,1.07261,1.08744,0.590442,0.505801,-0.00880569,0
4,5,1.07417,1.0872,0.589109,0.50698,-0.00888775,0
4.01,5,1.08104,1.09547,0.588875,0.508157,-0.00156163,0
4.02,5,1.08285,1.09031,0.587844,0.509333,-0.00687156,0
4.03,5,1.08956,1.09627,0.587572,0.510508,-0.0018139,0
4.04,5,1.08617,1.09154,0.586565,0.511681,-0.00670895,0
4.05,5,1.07316,1.10332,0.587074,0.512855,0.00339092,0
4.06,5,1.07994,1.11608,0.589027,0.514034,0.0130171,0
4.07,5,1.08176,1.09644,0.588009,0.51521,-0.00678264,0
4.08,5,1.07621,1.1023,0.587736,0.516385,-0.00182048,0
4.09,5,1.07766,1.11168,0.588568,0.517562,0.00554811,0
4.1,5,1.08432,1.10564,0.588351,0.518739,-0.0014462,0
4.11,5,1.0872,1.10061,0.587353,0.519914,-0.00665911,0
4.12,5,1.09141,1.10513,0.58692,0.521087,-0.00288159,0
4.13,5,1.09826,1.10434,0.586289,0.52226,-0.0042093,0
4.14,5,1.09605,1.10184,0.585261,0.523431,-0.00685111,0
4.15,5,1.09119,1.1124,0.585592,0.524602,0.00220473,0
4.16,5,1.09106,1.11696,0.586322,0.525774,0.00486551,0
4.17,5,1.09689,1.11341,0.586341,0.526947,0.00012701,0
4.18,5,1.10058,1.10775,0.585466,0.528118,-0.00583311,0
4.19,5,1.09771,1.11052,0.584913,0.529288,-0.00368549,0
4.2,5,1.09534,1.11867,0.585343,0.530458,0.00286547,0
4.21,5,1.09304,1.11971,0.585699,0.53163,0.00237718,0
4.22,5,1.09686,1.12114,0.586044,0.532802,0.00229497,0
4.23,5,1.09775,1.11562,0.585471,0.533973,-0.00381988,0
4.24,5,1.10558,1.11959,0.585338,0.535144,-0.000887274,0
4.25,5,1.10348,1.11265,0.584164,0.536312,-0.00782609,0
4.26,5,1.10563,1.12405,0.584478,0.537481,0.00209198,0
4.27,5,1.10437,1.12066,0.584156,0.538649,-0.00214602,0
4.28,5,1.09691,1.12542,0.584344,0.539818,0.00125615,0
4.29,5,1.10346,1.13391,0.585463,0.540989,0.00745806,0
4.3,5,1.10293,1.12009,0.584481,0.542158,-0.00654428,0
4.31,5,1.10378,1.12841,0.58456,0.543327,0.000525033,0
4.32,5,1.0999,1.12808,0.584433,0.544496,-0.000848634,0
4.33,5,1.09644,1.13457,0.585015,0.545666,0.00388592,0
4.34,5,1.09677,1.13583,0.585534,0.546837,0.00345468,0
4.35,5,1.09133,1.13316,0.585485,0.548008,-0.000327545,0
4.36,5,1.09782,1.14092,0.5863,0.54918,0.00543564,0
4.37,5,1.09237,1.1292,0.585327,0.550351,-0.00648253,0
4.38,5,1.09328,1.14312,0.586145,0.551523,0.00545002,0
4.39,5,1.08157,1.13779,0.586008,0.552695,-0.000914608,0
4.4,5,1.08089,1.15334,0.587764,0.553871,0.0117097,0
4.41,5,1.08654,1.14359,0.587866,0.555047,0.000680404,0
4.42,5,1.08744,1.13759,0.587019,0.556221,-0.00564986,0
4.43,5,1.09646,1.14338,0.586884,0.557394,-0.000899031,0
4.44,5,1.09738,1.13508,0.585531,0.558565,-0.00901687,0
4.45,5,1.09649,1.14421,0.585393,0.559736,-0.000921105,0
4.46,5,1.10074,1.14732,0.585526,0.560907,0.000886591,0
4.47,5,1.11174,1.14272,0.584889,0.562077,-0.00424921,0
4.48,5,1.11255,1.13549,0.58324,0.563244,-0.0109944,0
4.49,5,1.11315,1.14671,0.583117,0.56441,-0.000815515,0
4.5,5,1.11849,1.14801,0.583028,0.565576,-0.000597874,0
4.51,5,1.11981,1.14363,0.582227,0.56674,-0.00534098,0
4.52,5,1.12076,1.14861,0.582029,0.567904,-0.00131872,0
4.53,5,1.12027,1.15001,0.581886,0.569068,-0.00094919,0
4.54,5,1.12295,1.15268,0.581959,0.570232,0.000486267,0
4.55,5,1.11841,1.15028,0.581558,0.571395,-0.00267514,0
4.56,5,1.11969,1.15933,0.582238,0.57256,0.00453609,0
4.57,5,1.12001,1.15449,0.582047,0.573724,-0.00127928,0
4.58,5,1.12565,1.15657,0.581999,0.574888,-0.00031863,0
4.59,5,1.12029,1.15157,0.581153,0.57605,-0.00563752,0
4.6,5,1.1097,1.16453,0.581957,0.577214,0.00535954,0
4.61,5,1.11403,1.17251,0.583545,0.578381,0.0105874,0
4.62,5,1.12033,1.15812,0.582896,0.579547,-0.00432711,0
4.63,5,1.13087,1.15635,0.58195,0.580711,-0.00630894,0
4.64,5,1.13376,1.1517,0.580369,0.581872,-0.0105379,0
4.65,5,1.12619,1.16008,0.579936,0.583031,-0.00288879,0
4.66,5,1.12339,1.17284,0.581072,0.584194,0.00757382,0
4.67,5,1.12709,1.16964,0.581491,0.585357,0.00279621,0
4.68,5,1.12921,1.16375,0.580936,0.586518,-0.00369977,0
4.69,5,1.13159,1.16618,0.580619,0.58768,-0.00211802,0
4.7,5,1.12809,1.16672,0.580262,0.58884,-0.0023785,0
4.71,5,1.12792,1.17429,0.580787,0.590002,0.00349881,0
4.72,5,1.12225,1.17215,0.580812,0.591163,0.000169619,0
4.73,5,1.12168,1.17966,0.581662,0.592327,0.00566891,0
4.74,5,1.13152,1.17581,0.581748,0.59349,0.000567474,0
4.75,5,1.12924,1.16508,0.580271,0.594651,-0.00984065,0
4.76,5,1.12711,1.17871,0.580614,0.595812,0.00228056,0
4.77,5,1.1326,1.18004,0.580934,0.596974,0.00213302,0
4.78,5,1.13997,1.17276,0.580111,0.598134,-0.00548628,0
4.79,5,1.14239,1.17093,0.579005,0.599292,-0.00736981,0
4.8,5,1.146,1.17666,0.578641,0.600449,-0.00242842,0
4.81,5,1.14338,1.1761,0.5781,0.601606,-0.00360722,0
4.82,5,1.15169,1.18388,0.578493,0.602762,0.00262179,0
4.83,5,1.15292,1.17285,0.577246,0.603917,-0.00831234,0
4.84,5,1.15708,1.18091,0.577063,0.605071,-0.00122367,0
4.85,5,1.15822,1.1785,0.576438,0.606224,-0.00416545,0
4.86,5,1.16109,1.18251,0.576267,0.607377,-0.00113801,0
4.87,5,1.16214,1.18149,0.575836,0.608528,-0.00287404,0
4.88,5,1.159,1.18431,0.575678,0.60968,-0.00105049,0
4.89,5,1.15796,1.19012,0.57615,0.610832,0.00314268,0
4.9,5,1.15283,1.18933,0.576306,0.611984,0.00103834,0
4.91,5,1.15484,1.19535,0.577075,0.613139,0.0051326,0
4.92,5,1.14886,1.18906,0.576775,0.614292,-0.00200494,0
4.93,5,1.14798,1.19909,0.577671,0.615448,0.00597606,0
4.94,5,1.1538,1.19528,0.577803,0.616603,0.000878612,0
4.95,5,1.14979,1.18887,0.576931,0.617757,-0.00581482,0
4.96,5,1.14516,1.20045,0.577532,0.618912,0.00400808,0
4.97,5,1.157,1.20292,0.578225,0.620068,0.00462274,0
4.98,5,1.16056,1.18584,0.57645,0.621221,-0.0118336,0
4.99,5,1.16824,1.19473,0.575916,0.622373,-0.00355972,0
5,5,1.17129,1.19061,0.574765,0.623523,-0.00767815,0
5.01,5,1.17411,1.19592,0.574306,0.624671,-0.00305749,0
5.02,5,1.1719,1.19689,0.573883,0.625819,-0.00281682,0
5.03,5,1.17362,1.20339,0.574215,0.626968,0.0022119,0
5.04,5,1.17335,1.20035,0.573957,0.628115,-0.00172171,0
5.05,5,1.17656,1.20354,0.573998,0.629263,0.000274947,0
5.06,5,1.17619,1.20071,0.573516,0.63041,-0.00321421,0
5.07,5,1.17178,1.2055,0.573571,0.631558,0.000366499,0
5.08,5,1.16981,1.21135,0.574232,0.632706,0.00440865,0
5.09,5,1.16914,1.21036,0.574528,0.633855,0.00197276,0
5.1,5,1.16734,1.21031,0.574629,0.635004,0.000672579,0
5.11,5,1.17505,1.21285,0.574898,0.636154,0.00179394,0
5.12,5,1.17676,1.20334,0.573743,0.637302,-0.00770035,0
5.13,5,1.17027,1.21022,0.573486,0.638449,-0.00171176,0
5.14,5,1.17556,1.22055,0.57446,0.639598,0.00649178,0
5.15,5,1.17895,1.20912,0.573667,0.640745,-0.00529004,0
5.16,5,1.18621,1.21165,0.573157,0.641891,-0.00339513,0
5.17,5,1.1905,1.20785,0.572069,0.643035,-0.00725871,0
5.18,5,1.18976,1.21131,0.571425,0.644178,-0.00428911,0
5.19,5,1.19989,1.21759,0.571536,0.645321,0.00073723,0
5.2,5,1.20765,1.20634,0.570016,0.646461,-0.010133,0
5.21,5,1.21265,1.20869,0.568852,0.647599,-0.00775982,0
5.22,5,1.20995,1.21184,0.568102,0.648735,-0.00499976,0
5.23,5,1.20737,1.22108,0.568507,0.649872,0.00269868,0
5.24,5,1.20764,1.22248,0.568894,0.65101,0.00258005,0
5.25,5,1.20283,1.22074,0.568854,0.652148,-0.000265857,0
5.26,5,1.21424,1.22767,0.569575,0.653287,0.00480903,0
5.27,5,1.21289,1.21087,0.567863,0.654423,-0.0114131,0
5.28,5,1.21913,1.22499,0.568067,0.655559,0.00135942,0
5.29,5,1.22277,1.21757,0.56713,0.656693,-0.00624822,0
5.3,5,1.22525,1.22078,0.566585,0.657826,-0.00363571,0
5.31,5,1.2293,1.22269,0.566212,0.658959,-0.00248427,0
5.32,5,1.23495,1.22164,0.565604,0.66009,-0.00405084,0
5.33,5,1.23407,1.22033,0.564758,0.661219,-0.00564538,0
5.34,5,1.23576,1.22812,0.56489,0.662349,0.000882862,0
5.35,5,1.24005,1.22643,0.564637,0.663478,-0.00168883,0
5.36,5,1.23556,1.2243,0.563992,0.664606,-0.00429677,0
5.37,5,1.23405,1.2349,0.564666,0.665736,0.00449523,0
5.38,5,1.22822,1.23326,0.564892,0.666865,0.0015039,0
5.39,5,1.22713,1.2396,0.565767,0.667997,0.0058359,0
5.4,5,1.22296,1.23615,0.565931,0.669129,0.00108832,0
5.41,5,1.23544,1.24099,0.566556,0.670262,0.00416834,0
5.42,5,1.23416,1.22359,0.564683,0.671391,-0.0124828,0
5.43,5,1.22711,1.23868,0.564877,0.672521,0.00128714,0
5.44,5,1.22853,1.24663,0.565933,0.673653,0.00704557,0
5.45,5,1.22971,1.23909,0.56572,0.674784,-0.00141981,0
5.46,5,1.23155,1.24028,0.565544,0.675916,-0.00117572,0
5.47,5,1.23073,1.24047,0.565267,0.677046,-0.00184415,0
5.48,5,1.22942,1.24439,0.565391,0.678177,0.000820906,0
5.49,5,1.23236,1.24621,0.565587,0.679308,0.00130998,0
5.5,5,1.23766,1.24264,0.565146,0.680438,-0.00294364,0
5.51,5,1.24561,1.24062,0.564351,0.681567,-0.00529634,0
5.52,5,1.24917,1.2379,0.563159,0.682693,-0.00794953,0
5.53,5,1.25361,1.24288,0.562625,0.683819,-0.00356035,0
5.54,5,1.2621,1.24246,0.561958,0.684942,-0.00444187,0
5.55,5,1.26013,1.23826,0.560685,0.686064,-0.0084884,0
5.56,5,1.25352,1.25014,0.560981,0.687186,0.00197091,0
5.57,5,1.24827,1.25688,0.561971,0.68831,0.00660395,0
5.58,5,1.24817,1.25745,0.562759,0.689435,0.00525226,0
5.59,5,1.24633,1.25344,0.562774,0.690561,0.000102523,0
5.6,5,1.23912,1.25658,0.56305,0.691687,0.00183845,0
5.61,5,1.23235,1.26416,0.564133,0.692815,0.00721524,0
5.62,5,1.24356,1.26586,0.565147,0.693945,0.00676375,0
5.63,5,1.23147,1.24733,0.563466,0.695072,-0.0112056,0
5.64,5,1.23972,1.27357,0.56528,0.696203,0.01209,0
5.65,5,1.24016,1.25312,0.564041,0.697331,-0.00825643,0
5.66,5,1.24203,1.262,0.563976,0.698459,-0.000436145,0
5.67,5,1.24152,1.26141,0.563696,0.699586,-0.00186809,0
5.68,5,1.24375,1.26499,0.563771,0.700714,0.000504414,0
5.69,5,1.2447,1.26306,0.563438,0.701841,-0.00222148,0
5.7,5,1.25825,1.26531,0.563295,0.702967,-0.000956164,0
5.71,5,1.25723,1.25181,0.561263,0.70409,-0.0135466,0
5.72,5,1.27037,1.26764,0.561415,0.705213,0.00101627,0
5.73,5,1.26514,1.25264,0.559444,0.706332,-0.0131388,0
5.74,5,1.2649,1.27292,0.56023,0.707452,0.00523487,0
5.75,5,1.26421,1.26908,0.560265,0.708573,0.000238733,0
5.76,5,1.25814,1.27075,0.560369,0.709693,0.000690543,0
5.77,5,1.26492,1.27816,0.561279,0.710816,0.00606522,0
5.78,5,1.26201,1.26542,0.560261,0.711936,-0.00678184,0
5.79,5,1.25982,1.27666,0.560698,0.713058,0.00290892,0
5.8,5,1.26042,1.27741,0.561028,0.71418,0.00219911,0
5.81,5,1.26277,1.27564,0.560937,0.715302,-0.00060375,0
5.82,5,1.25878,1.27466,0.560585,0.716423,-0.00234634,0
5.83,5,1.26178,1.28271,0.561183,0.717545,0.00398408,0
5.84,5,1.26351,1.2764,0.560733,0.718667,-0.00300083,0
5.85,5,1.265,1.27853,0.560473,0.719788,-0.00172883,0
5.86,5,1.25723,1.27966,0.560249,0.720908,-0.00149311,0
5.87,5,1.26029,1.29122,0.561416,0.722031,0.00777495,0
5.88,5,1.25783,1.28104,0.560956,0.723153,-0.00306527,0
5.89,5,1.24982,1.28806,0.561325,0.724276,0.00246372,0
5.9,5,1.24432,1.29594,0.562527,0.725401,0.00801278,0
5.91,5,1.24624,1.29538,0.563352,0.726527,0.00549937,0
5.92,5,1.25528,1.2888,0.563064,0.727654,-0.00192226,0
5.93,5,1.25432,1.28144,0.561708,0.728777,-0.00904047,0
5.94,5,1.25369,1.29272,0.561852,0.729901,0.000963889,0
5.95,5,1.25682,1.2936,0.561947,0.731025,0.000627901,0
5.96,5,1.25463,1.2905,0.561478,0.732147,-0.00312571,0
5.97,5,1.24739,1.29727,0.561806,0.733271,0.00218906,0
5.98,5,1.23622,1.30452,0.562891,0.734397,0.00723501,0
5.99,5,1.23732,1.31127,0.564567,0.735526,0.011174,0
6,5,1.24228,1.29996,0.564403,0.736655,-0.00109755,0
6.01,5,1.23539,1.29647,0.563658,0.737782,-0.00496544,0
6.02,5,1.23873,1.31049,0.564691,0.738912,0.00688939,0
6.03,5,1.23511,1.30089,0.564191,0.74004,-0.00333849,0
6.04,5,1.23517,1.30952,0.564733,0.741169,0.00361636,0
6.05,5,1.24041,1.30697,0.564725,0.742299,-5.31577e-05,0
6.06,5,1.24102,1.30212,0.563938,0.743427,-0.00524545,0
6.07,5,1.23821,1.30779,0.563847,0.744554,-0.000607425,0
6.08,5,1.24056,1.31276,0.564268,0.745683,0.00280878,0
6.09,5,1.24287,1.30838,0.563917,0.746811,-0.00234611,0
6.1,5,1.23649,1.30919,0.563569,0.747938,-0.00231737,0
6.11,5,1.23496,1.31997,0.564526,0.749067,0.006381,0
6.12,5,1.23593,1.31648,0.564756,0.750196,0.00153186,0
6.13,5,1.24017,1.31497,0.564611,0.751326,-0.000966587,0
6.14,5,1.24823,1.31219,0.563975,0.752454,-0.00423754,0
6.15,5,1.25264,1.30828,0.562765,0.753579,-0.00806749,0
6.16,5,1.24994,1.31239,0.562103,0.754703,-0.00441195,0
6.17,5,1.25066,1.32105,0.56251,0.755828,0.00270955,0
6.18,5,1.26236,1.31863,0.562402,0.756953,-0.000721015,0
6.19,5,1.25889,1.30702,0.560646,0.758074,-0.0117034,0
6.2,5,1.2659,1.32384,0.561167,0.759197,0.00347287,0
6.21,5,1.26945,1.31342,0.560115,0.760317,-0.00701189,0
6.22,5,1.26804,1.31747,0.559583,0.761436,-0.00355049,0
6.23,5,1.26818,1.32376,0.559794,0.762556,0.00140706,0
6.24,5,1.26611,1.32331,0.559773,0.763675,-0.000141107,0
6.25,5,1.27177,1.32695,0.560083,0.764796,0.00206815,0
6.26,5,1.27191,1.31949,0.559235,0.765914,-0.00565433,0
6.27,5,1.27365,1.3261,0.559213,0.767032,-0.000145519,0
6.28,5,1.28272,1.32537,0.558953,0.76815,-0.00173304,0
6.29,5,1.28373,1.31778,0.557592,0.769265,-0.00907514,0
6.3,5,1.2832,1.32681,0.55744,0.77038,-0.00100902,0
6.31,5,1.28128,1.32955,0.55752,0.771495,0.000530726,0
6.32,5,1.29166,1.33234,0.557808,0.772611,0.00192034,0
6.33,5,1.29058,1.3196,0.556251,0.773724,-0.0103774,0
6.34,5,1.28341,1.33233,0.556413,0.774836,0.00107709,0
6.35,5,1.2836,1.34061,0.557488,0.775951,0.00716882,0
6.36,5,1.27127,1.33434,0.55746,0.777066,-0.00018933,0
6.37,5,1.27195,1.34982,0.559309,0.778185,0.0123295,0
6.38,5,1.2633,1.33784,0.559208,0.779303,-0.000675691,0
6.39,5,1.26664,1.34957,0.560504,0.780424,0.00864301,0
6.4,5,1.27148,1.33822,0.560004,0.781544,-0.00333326,0
6.41,5,1.27481,1.3371,0.559278,0.782663,-0.00484198,0
6.42,5,1.27066,1.33922,0.558778,0.78378,-0.00333414,0
6.43,5,1.27631,1.34846,0.559401,0.784899,0.00415659,0
6.44,5,1.28366,1.33891,0.558553,0.786016,-0.00565513,0
6.45,5,1.27807,1.33723,0.557451,0.787131,-0.00734912,0
6.46,5,1.28621,1.35213,0.55829,0.788248,0.0055952,0
6.47,5,1.29094,1.33829,0.557068,0.789362,-0.00814387,0
6.48,5,1.29797,1.3421,0.556359,0.790475,-0.00473171,0
6.49,5,1.2892,1.33986,0.555304,0.791585,-0.00703253,0
6.5,5,1.29588,1.35809,0.55662,0.792699,0.0087728,0
6.51,5,1.29346,1.34275,0.555619,0.79381,-0.00667381,0
6.52,5,1.28856,1.35332,0.555981,0.794922,0.00241381,0
6.53,5,1.28746,1.35766,0.556717,0.796035,0.00490594,0
6.54,5,1.29109,1.35513,0.556881,0.797149,0.0010978,0
6.55,5,1.29992,1.35097,0.556337,0.798262,-0.00363078,0
6.56,5,1.30035,1.34555,0.555012,0.799372,-0.00883025,0
6.57,5,1.29954,1.355,0.554948,0.800481,-0.000429026,0
6.58,5,1.3032,1.35747,0.55507,0.801592,0.000811885,0
6.59,5,1.30255,1.35355,0.55452,0.802701,-0.00366654,0
6.6,5,1.30661,1.35908,0.554618,0.80381,0.000653079,0
6.61,5,1.30906,1.35486,0.554008,0.804918,-0.00406415,0
6.62,5,1.31363,1.35722,0.553641,0.806025,-0.00244447,0
6.63,5,1.31557,1.35552,0.552956,0.807131,-0.00456981,0
6.64,5,1.3208,1.35896,0.552664,0.808236,-0.00194369,0
6.65,5,1.31216,1.35599,0.55188,0.80934,-0.0052258,0
6.66,5,1.31754,1.37226,0.553176,0.810447,0.0086377,0
6.67,5,1.31348,1.35854,0.552369,0.811551,-0.00538005,0
6.68,5,1.31566,1.36969,0.552978,0.812657,0.00405926,0
6.69,5,1.31188,1.36423,0.55265,0.813763,-0.00218369,0
6.7,5,1.31572,1.37187,0.553218,0.814869,0.003783,0
6.71,5,1.31992,1.36478,0.552642,0.815974,-0.00383985,0
6.72,5,1.32831,1.36489,0.552012,0.817078,-0.00419764,0
6.73,5,1.32616,1.36054,0.550753,0.81818,-0.00839397,0
6.74,5,1.32649,1.37251,0.551076,0.819282,0.00215094,0
6.75,5,1.32396,1.37108,0.551026,0.820384,-0.000329542,0
6.76,5,1.32593,1.37543,0.551407,0.821487,0.00253671,0
6.77,5,1.32795,1.37173,0.551111,0.822589,-0.00197045,0
6.78,5,1.33148,1.37248,0.550808,0.823691,-0.0020233,0
6.79,5,1.33304,1.37153,0.550278,0.824791,-0.00353451,0
6.8,5,1.33421,1.37438,0.550044,0.825891,-0.00155781,0
6.81,5,1.32918,1.37569,0.549869,0.826991,-0.00116728,0
6.82,5,1.33192,1.38375,0.550624,0.828092,0.00503199,0
6.83,5,1.34451,1.37666,0.550211,0.829193,-0.00274747,0
6.84,5,1.35255,1.36603,0.548324,0.830289,-0.012585,0
6.85,5,1.34701,1.37046,0.547117,0.831384,-0.00804306,0
6.86,5,1.35169,1.38597,0.547949,0.832479,0.00554324,0
6.87,5,1.35955,1.37614,0.547247,0.833574,-0.00467684,0
6.88,5,1.34844,1.37287,0.546067,0.834666,-0.00786767,0
6.89,5,1.34609,1.39461,0.547734,0.835762,0.0111113,0
6.9,5,1.34361,1.38729,0.548086,0.836858,0.00234788,0
6.91,5,1.34601,1.38889,0.548458,0.837955,0.00247962,0
6.92,5,1.3477,1.38475,0.548098,0.839051,-0.00239696,0
6.93,5,1.34778,1.3863,0.547844,0.840147,-0.00169219,0
6.94,5,1.35289,1.389,0.547834,0.841242,-7.24566e-05,0
6.95,5,1.35208,1.38429,0.547066,0.842336,-0.00511565,0
6.96,5,1.34753,1.39143,0.547189,0.843431,0.000815114,0
6.97,5,1.34584,1.39695,0.547871,0.844526,0.00455023,0
6.98,5,1.35407,1.39543,0.548124,0.845623,0.00168753,0
6.99,5,1.35861,1.38538,0.54689,0.846716,-0.00822983,0
7,5,1.35347,1.38948,0.546209,0.847809,-0.00453858,0
7.01,5,1.35527,1.40102,0.546979,0.848903,0.00513545,0
7.02,5,1.35838,1.39491,0.54671,0.849996,-0.00179693,0
7.03,5,1.35718,1.39422,0.546244,0.851089,-0.00310783,0
7.04,5,1.36707,1.39981,0.546424,0.852182,0.00120087,0
7.05,5,1.36825,1.38832,0.54494,0.853272,-0.00989377,0
7.06,5,1.36318,1.39795,0.544763,0.854361,-0.00117873,0
7.07,5,1.36072,1.40604,0.545523,0.855452,0.00506721,0
7.08,5,1.36222,1.4049,0.545892,0.856544,0.00245992,0
7.09,5,1.36312,1.4018,0.545667,0.857635,-0.00149798,0
7.1,5,1.3658,1.40336,0.545532,0.858726,-0.000899378,0
7.11,5,1.36443,1.40227,0.54513,0.859817,-0.00268015,0
7.12,5,1.35622,1.40762,0.545336,0.860907,0.0013721,0
7.13,5,1.35615,1.41677,0.546567,0.862,0.00820672,0
7.14,5,1.35611,1.40974,0.546577,0.863093,6.69456e-05,0
7.15,5,1.35702,1.41081,0.546583,0.864187,4.19499e-05,0
7.16,5,1.35508,1.41082,0.546447,0.86528,-0.000911181,0
7.17,5,1.3545,1.41505,0.546737,0.866373,0.00193772,0
7.18,5,1.36524,1.41487,0.546825,0.867467,0.000582906,0
7.19,5,1.36808,1.40304,0.545214,0.868557,-0.010736,0
7.2,5,1.37322,1.41159,0.544788,0.869647,-0.00284354,0
7.21,5,1.37417,1.40961,0.544017,0.870735,-0.00513943,0
7.22,5,1.37209,1.41475,0.543875,0.871822,-0.000946105,0
7.23,5,1.37122,1.41917,0.544187,0.872911,0.00207659,0
7.24,5,1.36529,1.41919,0.544317,0.873999,0.000869521,0
7.25,5,1.3626,1.42622,0.545206,0.87509,0.00592702,0
7.26,5,1.36614,1.42448,0.545609,0.876181,0.00268909,0
7.27,5,1.3613,1.41882,0.545079,0.877271,-0.00353457,0
7.28,5,1.36533,1.429,0.545804,0.878363,0.00483476,0
7.29,5,1.37475,1.42063,0.545201,0.879453,-0.00402554,0
7.3,5,1.37294,1.41491,0.543787,0.880541,-0.00942222,0
7.31,5,1.37705,1.4275,0.544059,0.881629,0.0018151,0
7.32,5,1.37681,1.42204,0.543442,0.882716,-0.00411447,0
7.33,5,1.3743,1.42752,0.543478,0.883803,0.000239843,0
7.34,5,1.37518,1.43126,0.543855,0.884891,0.00251457,0
7.35,5,1.37723,1.42881,0.543722,0.885978,-0.000887678,0
7.36,5,1.38669,1.42843,0.543415,0.887065,-0.00204696,0
7.37,5,1.38381,1.42069,0.541997,0.888149,-0.00945506,0
7.38,5,1.37944,1.43454,0.542428,0.889234,0.00287364,0
7.39,5,1.38225,1.43778,0.543085,0.89032,0.00437761,0
7.4,5,1.38402,1.43125,0.542662,0.891405,-0.00281627,0
7.41,5,1.39179,1.43312,0.542397,0.89249,-0.00176617,0
7.42,5,1.379,1.42703,0.541232,0.893572,-0.00777044,0
7.43,5,1.3899,1.45059,0.54315,0.894659,0.0127864,0
7.44,5,1.39086,1.42635,0.541514,0.895742,-0.0109029,0
7.45,5,1.38877,1.43724,0.541371,0.896824,-0.000955607,0
7.46,5,1.38356,1.44169,0.541685,0.897908,0.00209354,0
7.47,5,1.38155,1.44666,0.542465,0.898993,0.00520226,0
7.48,5,1.38598,1.44486,0.542768,0.900078,0.00201585,0
7.49,5,1.39316,1.43884,0.542103,0.901162,-0.00442821,0
7.5,5,1.39388,1.43609,0.541026,0.902245,-0.00718433,0
7.51,5,1.39358,1.44353,0.540919,0.903326,-0.000713962,0
7.52,5,1.38983,1.44567,0.540963,0.904408,0.00029559,0
7.53,5,1.39244,1.45077,0.541525,0.905491,0.00374919,0
7.54,5,1.39554,1.44509,0.541133,0.906574,-0.00261359,0
7.55,5,1.39214,1.44523,0.540669,0.907655,-0.00309668,0
7.56,5,1.40368,1.45331,0.541179,0.908737,0.00339837,0
7.57,5,1.40351,1.43773,0.539448,0.909816,-0.0115354,0
7.58,5,1.40224,1.45053,0.539473,0.910895,0.000163816,0
7.59,5,1.39041,1.45291,0.539664,0.911974,0.00127599,0
7.6,5,1.39718,1.46633,0.541439,0.913057,0.0118309,0
7.61,5,1.39991,1.44779,0.540423,0.914138,-0.00677359,0
7.62,5,1.4063,1.4525,0.540013,0.915218,-0.00273373,0
7.63,5,1.40435,1.44896,0.539054,0.916296,-0.00639035,0
7.64,5,1.40602,1.45868,0.539347,0.917375,0.00195281,0
7.65,5,1.40343,1.45588,0.539097,0.918453,-0.00166898,0
7.66,5,1.40349,1.46161,0.539485,0.919532,0.00259063,0
7.67,5,1.40636,1.46003,0.539477,0.920611,-5.58101e-05,0
7.68,5,1.40975,1.45786,0.539046,0.921689,-0.00287657,0
7.69,5,1.40165,1.45792,0.538538,0.922766,-0.00338674,0
7.7,5,1.41054,1.47169,0.539752,0.923846,0.00809624,0
7.71,5,1.41353,1.45445,0.538419,0.924923,-0.00889028,0
7.72,5,1.41398,1.46098,0.53797,0.925999,-0.00298954,0
7.73,5,1.41199,1.46453,0.537903,0.927074,-0.000446546,0
7.74,5,1.42305,1.46835,0.538202,0.928151,0.00199352,0
7.75,5,1.42887,1.4547,0.536542,0.929224,-0.0110662,0
7.76,5,1.42919,1.46015,0.53567,0.930295,-0.00581538,0
7.77,5,1.42083,1.46667,0.535622,0.931366,-0.000319912,0
7.78,5,1.42177,1.47767,0.536875,0.93244,0.00835487,0
7.79,5,1.4199,1.46931,0.536735,0.933514,-0.000935141,0
7.8,5,1.41117,1.47347,0.537015,0.934588,0.00186494,0
7.81,5,1.41559,1.48272,0.538324,0.935664,0.00872858,0
7.82,5,1.41634,1.46998,0.537661,0.93674,-0.00441626,0
7.83,5,1.41948,1.47462,0.537549,0.937815,-0.000748316,0
7.84,5,1.42477,1.47283,0.537078,0.938889,-0.00313825,0
7.85,5,1.44233,1.47096,0.536285,0.939962,-0.00529088,0
7.86,5,1.44031,1.45711,0.53365,0.941029,-0.017565,0
7.87,5,1.43934,1.47808,0.533954,0.942097,0.00202605,0
7.88,5,1.44032,1.47823,0.534099,0.943165,0.000964418,0
7.89,5,1.43943,1.47721,0.533952,0.944233,-0.000976844,0
7.9,5,1.43677,1.48027,0.534085,0.945301,0.000887464,0
7.91,5,1.43257,1.48352,0.534485,0.94637,0.00266499,0
7.92,5,1.43039,1.48675,0.535114,0.94744,0.00419674,0
7.93,5,1.42868,1.48614,0.535442,0.948511,0.00218211,0
7.94,5,1.43304,1.48699,0.535698,0.949582,0.00171098,0
7.95,5,1.43508,1.48134,0.535044,0.950653,-0.00436064,0
7.96,5,1.42898,1.48441,0.534737,0.951722,-0.00204728,0
7.97,5,1.42784,1.49455,0.535653,0.952793,0.00610163,0
7.98,5,1.42534,1.49083,0.535824,0.953865,0.00114474,0
7.99,5,1.43071,1.49363,0.536198,0.954937,0.00249462,0
8,5,1.43645,1.48604,0.535394,0.956008,-0.00536328,0
8.01,5,1.43705,1.48587,0.534533,0.957077,-0.00574006,0
8.02,5,1.43869,1.49199,0.534443,0.958146,-0.000597792,0
8.03,5,1.43235,1.49177,0.534197,0.959215,-0.00164092,0
8.04,5,1.43489,1.50177,0.535148,0.960285,0.00633675,0
8.05,5,1.43324,1.49358,0.534766,0.961354,-0.00254113,0
8.06,5,1.42969,1.49909,0.535014,0.962424,0.00164891,0
8.07,5,1.42855,1.50259,0.535546,0.963495,0.00354802,0
8.08,5,1.42804,1.50143,0.535717,0.964567,0.0011411,0
8.09,5,1.42901,1.50195,0.535794,0.965639,0.000514727,0
8.1,5,1.43424,1.50138,0.535648,0.96671,-0.000975116,0
8.11,5,1.43864,1.49741,0.534864,0.96778,-0.00523033,0
8.12,5,1.43805,1.49865,0.534204,0.968848,-0.00440007,0
8.13,5,1.44239,1.5048,0.534292,0.969917,0.000592656,0
8.14,5,1.44549,1.50029,0.533642,0.970984,-0.00433645,0
8.15,5,1.45102,1.50212,0.533176,0.97205,-0.00310622,0
8.16,5,1.45807,1.49994,0.532347,0.973115,-0.00552526,0
8.17,5,1.45904,1.49842,0.53129,0.974177,-0.00705133,0
8.18,5,1.45717,1.50541,0.531143,0.97524,-0.00097403,0
8.19,5,1.46324,1.5096,0.531424,0.976303,0.00187132,0
8.2,5,1.47475,1.50181,0.530514,0.977364,-0.00606932,0
8.21,5,1.47337,1.4957,0.528787,0.978421,-0.0115124,0
8.22,5,1.47403,1.50986,0.528995,0.979479,0.00138413,0
8.23,5,1.4702,1.50877,0.528896,0.980537,-0.000659327,0
8.24,5,1.47338,1.51489,0.52947,0.981596,0.0038279,0
8.25,5,1.47878,1.50847,0.528993,0.982654,-0.00317717,0
8.26,5,1.48853,1.50649,0.528183,0.98371,-0.00539915,0
8.27,5,1.48508,1.50173,0.52672,0.984764,-0.0097561,0
8.28,5,1.48299,1.51651,0.527239,0.985818,0.00345786,0
8.29,5,1.48283,1.51651,0.527551,0.986873,0.00208319,0
8.3,5,1.47833,1.51567,0.527576,0.987928,0.000163082,0
8.31,5,1.47992,1.52174,0.528251,0.988985,0.00450146,0
8.32,5,1.48319,1.51646,0.528012,0.990041,-0.00159259,0
8.33,5,1.48256,1.51535,0.527522,0.991096,-0.00326842,0
8.34,5,1.47881,1.5204,0.527616,0.992151,0.000628411,0
8.35,5,1.48644,1.52513,0.528178,0.993208,0.00374801,0
8.36,5,1.47939,1.51367,0.527034,0.994262,-0.00762443,0
8.37,5,1.48165,1.53046,0.528091,0.995318,0.00704692,0
8.38,5,1.47483,1.52186,0.527752,0.996373,-0.00226181,0
8.39,5,1.48188,1.53303,0.528776,0.997431,0.0068241,0
8.4,5,1.47208,1.51915,0.527718,0.998486,-0.00705026,0
8.41,5,1.47342,1.53854,0.529189,0.999545,0.00980257,0
8.42,5,1.4673,1.52825,0.528988,1.0006,-0.00134022,0
8.43,5,1.46555,1.53768,0.529904,1.00166,0.00611246,0
8.44,5,1.46641,1.53464,0.530167,1.00272,0.0017508,0
8.45,5,1.46116,1.53297,0.530039,1.00378,-0.00085335,0
8.46,5,1.46379,1.54092,0.530826,1.00484,0.00524893,0
8.47,5,1.47245,1.53371,0.530432,1.00591,-0.00263071,0
8.48,5,1.46623,1.52744,0.529133,1.00696,-0.00865871,0
8.49,5,1.4526,1.54431,0.530066,1.00802,0.00622018,0
8.5,5,1.45253,1.55482,0.53211,1.00909,0.0136261,0
8.51,5,1.45867,1.54234,0.53212,1.01015,6.66415e-05,0
8.52,5,1.45163,1.53628,0.5312,1.01121,-0.00613223,0
8.53,5,1.44554,1.55157,0.532255,1.01228,0.0070351,0
8.54,5,1.44486,1.5526,0.533168,1.01335,0.00608695,0
8.55,5,1.44836,1.54837,0.533271,1.01441,0.000684059,0
8.56,5,1.44909,1.54473,0.532747,1.01548,-0.00349693,0
8.57,5,1.45407,1.54845,0.532637,1.01654,-0.000728875,0
8.58,5,1.46522,1.54451,0.531889,1.01761,-0.00498597,0
8.59,5,1.46021,1.53774,0.530218,1.01867,-0.0111437,0
8.6,5,1.45752,1.5557,0.530969,1.01973,0.00500669,0
8.61,5,1.45625,1.55485,0.531371,1.02079,0.00268361,0
8.62,5,1.45836,1.55469,0.531562,1.02185,0.00127416,0
8.63,5,1.46775,1.55206,0.531246,1.02292,-0.00210674,0
8.64,5,1.47115,1.54442,0.529837,1.02398,-0.00939479,0
8.65,5,1.47706,1.55096,0.529327,1.02504,-0.00339925,0
8.66,5,1.47678,1.54863,0.528441,1.02609,-0.00590612,0
8.67,5,1.47349,1.55591,0.528483,1.02715,0.000278096,0
8.68,5,1.46935,1.56048,0.528977,1.02821,0.00329183,0
8.69,5,1.47547,1.563,0.529597,1.02927,0.00413588,0
8.7,5,1.47263,1.55289,0.52868,1.03032,-0.00611329,0
8.71,5,1.47614,1.56332,0.529105,1.03138,0.00283497,0
8.72,5,1.47978,1.55751,0.528579,1.03244,-0.00351108,0
8.73,5,1.48924,1.55789,0.528033,1.0335,-0.0036356,0
8.74,5,1.49222,1.55169,0.526613,1.03455,-0.00946811,0
8.75,5,1.50573,1.55879,0.526167,1.0356,-0.00297431,0
8.76,5,1.50412,1.54728,0.524141,1.03665,-0.0135079,0
8.77,5,1.50503,1.56369,0.524382,1.0377,0.00160982,0
8.78,5,1.51213,1.56208,0.524245,1.03875,-0.000915184,0
8.79,5,1.51518,1.55588,0.523181,1.03979,-0.00709537,0
8.8,5,1.51704,1.56051,0.522724,1.04084,-0.00304875,0
8.81,5,1.52115,1.56247,0.522445,1.04188,-0.00185846,0
8.82,5,1.5217,1.56064,0.521827,1.04293,-0.00411692,0
8.83,5,1.52033,1.56516,0.521744,1.04397,-0.000552918,0
8.84,5,1.52758,1.56835,0.521951,1.04501,0.00137985,0
8.85,5,1.5328,1.55967,0.520863,1.04606,-0.00725248,0
8.86,5,1.54051,1.56195,0.52008,1.0471,-0.00522231,0
8.87,5,1.54604,1.55934,0.518923,1.04813,-0.0077151,0
8.88,5,1.53935,1.56174,0.518094,1.04917,-0.00552261,0
8.89,5,1.54186,1.57599,0.519097,1.05021,0.00668419,0
8.9,5,1.5418,1.56747,0.518722,1.05125,-0.0025018,0
8.91,5,1.54594,1.57106,0.518729,1.05228,5.0623e-05,0
8.92,5,1.54685,1.56729,0.518109,1.05332,-0.0041385,0
8.93,5,1.55024,1.57142,0.517973,1.05436,-0.00090422,0
8.94,5,1.55291,1.56946,0.517464,1.05539,-0.00339306,0
8.95,5,1.55475,1.57082,0.517064,1.05642,-0.00266932,0
8.96,5,1.55906,1.57241,0.516788,1.05746,-0.00183778,0
8.97,5,1.56112,1.57032,0.516141,1.05849,-0.00431027,0
8.98,5,1.55202,1.57329,0.515832,1.05952,-0.00206518,0
8.99,5,1.55126,1.58686,0.517197,1.06056,0.00910571,0
9,5,1.55004,1.57965,0.51731,1.06159,0.000752297,0
9.01,5,1.54957,1.58135,0.517494,1.06263,0.00122568,0
9.02,5,1.54357,1.5817,0.517565,1.06366,0.000470011,0
9.03,5,1.54553,1.58916,0.518464,1.0647,0.00599775,0
9.04,5,1.55132,1.58194,0.51817,1.06573,-0.00196279,0
9.05,5,1.54423,1.57828,0.517302,1.06677,-0.00578851,0
9.06,5,1.54963,1.59327,0.518366,1.06781,0.00709614,0
9.07,5,1.54873,1.58099,0.517555,1.06884,-0.00540409,0
9.08,5,1.55228,1.58847,0.517691,1.06988,0.000900767,0
9.09,5,1.55376,1.58452,0.517158,1.07091,-0.00354957,0
9.1,5,1.55525,1.5874,0.516936,1.07194,-0.00148118,0
9.11,5,1.55639,1.5882,0.516713,1.07298,-0.00148782,0
9.12,5,1.55834,1.58941,0.516541,1.07401,-0.00114359,0
9.13,5,1.54989,1.58935,0.51625,1.07504,-0.00194312,0
9.14,5,1.55065,1.60204,0.517516,1.07608,0.00844167,0
9.15,5,1.55841,1.59376,0.517403,1.07711,-0.000752616,0
9.16,5,1.5654,1.58662,0.516239,1.07815,-0.00776386,0
9.17,5,1.5633,1.58737,0.51519,1.07918,-0.00699314,0
9.18,5,1.55058,1.59782,0.515506,1.08021,0.00210683,0
9.19,5,1.55496,1.61137,0.517413,1.08124,0.0127135,0
9.2,5,1.54956,1.59465,0.516756,1.08228,-0.00437753,0
9.21,5,1.55353,1.60627,0.517565,1.08331,0.00539533,0
9.22,5,1.55294,1.59735,0.51697,1.08434,-0.00396559,0
9.23,5,1.55327,1.60302,0.517058,1.08538,0.000586181,0
9.24,5,1.54653,1.6031,0.51701,1.08641,-0.00032166,0
9.25,5,1.55521,1.61221,0.518021,1.08745,0.00673793,0
9.26,5,1.55588,1.59652,0.516719,1.08848,-0.00867973,0
9.27,5,1.55773,1.60546,0.516618,1.08952,-0.0006726,0
9.28,5,1.54943,1.60504,0.516341,1.09055,-0.00184681,0
9.29,5,1.55987,1.61747,0.517585,1.09158,0.00829658,0
9.3,5,1.56633,1.59819,0.516019,1.09262,-0.0104431,0
9.31,5,1.56425,1.60224,0.51505,1.09365,-0.00646001,0
9.32,5,1.56501,1.61212,0.515363,1.09468,0.00208462,0
9.33,5,1.56201,1.6102,0.515249,1.09571,-0.000756634,0
9.34,5,1.56724,1.61544,0.515699,1.09674,0.00299889,0
9.35,5,1.57117,1.60744,0.514913,1.09777,-0.00523711,0
9.36,5,1.56773,1.6092,0.514325,1.0988,-0.00392112,0
9.37,5,1.57715,1.6181,0.514841,1.09983,0.00343725,0
9.38,5,1.58513,1.60486,0.513428,1.10085,-0.00941923,0
9.39,5,1.57754,1.60613,0.51223,1.10188,-0.00798297,0
9.4,5,1.57487,1.62386,0.513368,1.1029,0.00758638,0
9.41,5,1.57187,1.62037,0.513769,1.10393,0.0026706,0
9.42,5,1.57383,1.62218,0.514219,1.10496,0.00299818,0
9.43,5,1.57289,1.61795,0.513925,1.10599,-0.00195854,0
9.44,5,1.56943,1.62203,0.514067,1.10702,0.000946593,0
9.45,5,1.56769,1.62609,0.514586,1.10805,0.00345766,0
9.46,5,1.57089,1.62566,0.514846,1.10908,0.00173575,0
9.47,5,1.57332,1.62128,0.514367,1.1101,-0.00319422,0
9.48,5,1.57653,1.6227,0.514002,1.11113,-0.0024321,0
9.49,5,1.57262,1.62247,0.51352,1.11216,-0.0032113,0
9.5,5,1.57333,1.6312,0.514107,1.11319,0.00390818,0
9.51,5,1.56595,1.62751,0.514001,1.11422,-0.000704306,0
9.52,5,1.57195,1.63773,0.515108,1.11525,0.00738074,0
9.53,5,1.56271,1.62448,0.514208,1.11627,-0.00600022,0
9.54,5,1.56849,1.64213,0.515593,1.1173,0.00923509,0
9.55,5,1.56996,1.62728,0.514726,1.11833,-0.00577852,0
9.56,5,1.57245,1.63239,0.514505,1.11936,-0.00147457,0
9.57,5,1.57811,1.63204,0.514132,1.12039,-0.00248618,0
9.58,5,1.58128,1.62905,0.513284,1.12142,-0.00565549,0
9.59,5,1.58512,1.63208,0.512808,1.12244,-0.00317062,0
9.6,5,1.58996,1.63185,0.512231,1.12347,-0.0038475,0
9.61,5,1.58742,1.63117,0.511507,1.12449,-0.00483096,0
9.62,5,1.58251,1.63993,0.511887,1.12552,0.00253317,0
9.63,5,1.58549,1.64407,0.512623,1.12654,0.00490935,0
9.64,5,1.57527,1.63676,0.512176,1.12756,-0.00297967,0
9.65,5,1.57347,1.65253,0.51371,1.12859,0.0102269,0
9.66,5,1.57382,1.6454,0.51398,1.12962,0.00180042,0
9.67,5,1.5721,1.64422,0.513926,1.13065,-0.000358886,0
9.68,5,1.57593,1.64759,0.514186,1.13168,0.00172787,0
9.69,5,1.58027,1.64248,0.513611,1.1327,-0.00383196,0
9.7,5,1.57201,1.64235,0.51296,1.13373,-0.00433879,0
9.71,5,1.57659,1.65722,0.514199,1.13476,0.00826036,0
9.72,5,1.57923,1.64471,0.513512,1.13578,-0.00458266,0
9.73,5,1.57182,1.64728,0.513115,1.13681,-0.00264377,0
9.74,5,1.57393,1.65948,0.514228,1.13784,0.00741738,0
9.75,5,1.56986,1.65066,0.51391,1.13887,-0.00211621,0
9.76,5,1.56779,1.65849,0.514521,1.1399,0.00406916,0
9.77,5,1.57678,1.65784,0.514832,1.14093,0.00207761,0
9.78,5,1.58126,1.64645,0.513484,1.14195,-0.00898985,0
9.79,5,1.58327,1.6513,0.512811,1.14298,-0.00448535,0
9.8,5,1.58425,1.6545,0.512509,1.144,-0.00201036,0
9.81,5,1.5882,1.65641,0.512362,1.14503,-0.000984179,0
9.82,5,1.58754,1.65387,0.511769,1.14605,-0.00394862,0
9.83,5,1.59285,1.65961,0.511869,1.14708,0.000662336,0
9.84,5,1.5939,1.65386,0.511072,1.1481,-0.00531377,0
9.85,5,1.60237,1.65899,0.510915,1.14912,-0.00104695,0
9.86,5,1.60442,1.65131,0.509644,1.15014,-0.00847031,0
9.87,5,1.59891,1.65844,0.509336,1.15116,-0.00205186,0
9.88,5,1.59403,1.66785,0.510163,1.15218,0.00551292,0
9.89,5,1.6041,1.66897,0.510895,1.1532,0.00487758,0
9.9,5,1.6018,1.65353,0.509384,1.15422,-0.0100702,0
9.91,5,1.60739,1.66727,0.50973,1.15524,0.00230499,0
9.92,5,1.60901,1.65956,0.508892,1.15626,-0.00558721,0
9.93,5,1.62298,1.66429,0.508648,1.15727,-0.00162747,0
9.94,5,1.61641,1.65087,0.506553,1.15829,-0.013969,0
9.95,5,1.62733,1.67341,0.507538,1.1593,0.00656794,0
9.96,5,1.62361,1.6553,0.505901,1.16031,-0.0109151,0
9.97,5,1.61464,1.67151,0.506459,1.16133,0.00372049,0
9.98,5,1.60634,1.67912,0.507804,1.16234,0.00897073,0
9.99,5,1.60871,1.6807,0.509049,1.16336,0.00829601,0
10,5,1.60924,1.67071,0.508694,1.16438,-0.00236501,0
10.01,5,1.61652,1.67347,0.508614,1.16539,-0.000533321,0
10.02,5,1.62007,1.66665,0.507522,1.16641,-0.00728011,0
10.03,5,1.6291,1.67086,0.50699,1.16742,-0.00354817,0
10.04,5,1.62874,1.66504,0.505636,1.16843,-0.00902703,0
10.05,5,1.63498,1.67549,0.505689,1.16945,0.000356999,0
10.06,5,1.62857,1.66897,0.504753,1.17046,-0.00623994,0
10.07,5,1.63502,1.68359,0.505714,1.17147,0.00640547,0
10.08,5,1.62955,1.67077,0.504747,1.17248,-0.00644842,0
10.09,5,1.63031,1.68453,0.505568,1.17349,0.00547679,0
10.1,5,1.62637,1.67919,0.505453,1.1745,-0.000766219,0
10.11,5,1.62633,1.6855,0.506045,1.17551,0.00394196,0
10.12,5,1.62578,1.68261,0.50605,1.17652,3.55577e-05,0
10.13,5,1.62303,1.68422,0.506133,1.17753,0.000556431,0
10.14,5,1.62077,1.68784,0.506545,1.17855,0.00274598,0
10.15,5,1.62299,1.6887,0.506884,1.17956,0.00225744,0
10.16,5,1.63326,1.68491,0.506552,1.18057,-0.00221563,0
10.17,5,1.63629,1.67633,0.505012,1.18158,-0.0102664,0
10.18,5,1.6337,1.68411,0.504556,1.18259,-0.00303629,0
10.19,5,1.63152,1.69114,0.504945,1.1836,0.00259526,0
10.2,5,1.64217,1.69206,0.505272,1.18461,0.00217561,0
10.21,5,1.63527,1.67865,0.503675,1.18562,-0.0106461,0
10.22,5,1.63462,1.69823,0.504709,1.18663,0.00689439,0
10.23,5,1.63913,1.6931,0.504807,1.18764,0.000655607,0
10.24,5,1.6321,1.68827,0.504131,1.18865,-0.00450928,0
10.25,5,1.63269,1.70187,0.505184,1.18966,0.00702217,0
10.26,5,1.63838,1.69518,0.505096,1.19067,-0.000586449,0
10.27,5,1.63527,1.69023,0.504243,1.19168,-0.005689,0
10.28,5,1.63755,1.70051,0.50471,1.19269,0.00311392,0
10.29,5,1.63768,1.69578,0.504368,1.1937,-0.00228036,0
10.3,5,1.63686,1.69892,0.504348,1.1947,-0.000131707,0
10.31,5,1.63365,1.701,0.504471,1.19571,0.000816795,0
10.32,5,1.64169,1.70489,0.504953,1.19672,0.00321609,0
10.33,5,1.63951,1.69344,0.503747,1.19773,-0.00804182,0
10.34,5,1.64042,1.70499,0.504073,1.19874,0.00217522,0
10.35,5,1.62969,1.70278,0.503937,1.19975,-0.000905288,0
10.36,5,1.64037,1.71704,0.505547,1.20076,0.0107315,0
10.37,5,1.63316,1.69502,0.503944,1.20177,-0.010687,0
10.38,5,1.62865,1.71502,0.505026,1.20278,0.00721414,0
10.39,5,1.62208,1.714,0.505703,1.20379,0.0045107,0
10.4,5,1.62794,1.71806,0.506688,1.2048,0.00656887,0
10.41,5,1.62788,1.70576,0.505808,1.20581,-0.00586506,0
10.42,5,1.62616,1.7127,0.505818,1.20682,6.18785e-05,0
10.43,5,1.63045,1.71564,0.506076,1.20784,0.00172407,0
10.44,5,1.63081,1.70999,0.505433,1.20885,-0.00429003,0
10.45,5,1.6291,1.71488,0.505379,1.20986,-0.000360954,0
10.46,5,1.62608,1.71822,0.505635,1.21087,0.00171155,0
10.47,5,1.62698,1.72098,0.506087,1.21188,0.0030138,0
10.48,5,1.62816,1.71795,0.505953,1.21289,-0.000896565,0
10.49,5,1.6277,1.7185,0.505776,1.21391,-0.00117888,0
10.5,5,1.63498,1.72122,0.505845,1.21492,0.000456731,0
10.51,5,1.63545,1.7134,0.504753,1.21593,-0.0072787,0
10.52,5,1.63335,1.72115,0.504683,1.21694,-0.000464429,0
10.53,5,1.63646,1.72504,0.504997,1.21795,0.00209528,0
10.54,5,1.6365,1.72037,0.504531,1.21895,-0.00311193,0
10.55,5,1.62856,1.72446,0.504526,1.21996,-3.35876e-05,0
10.56,5,1.62282,1.73463,0.505716,1.22098,0.00793714,0
10.57,5,1.63166,1.73431,0.506577,1.22199,0.00574004,0
10.58,5,1.63594,1.71941,0.505251,1.223,-0.00883804,0
10.59,5,1.64135,1.72433,0.504608,1.22401,-0.0042873,0
10.6,5,1.62823,1.72341,0.503798,1.22502,-0.00540484,0
10.61,5,1.62208,1.74491,0.505765,1.22603,0.0131154,0
10.62,5,1.62171,1.73989,0.506688,1.22704,0.00615613,0
10.63,5,1.61626,1.73517,0.506744,1.22805,0.000371814,0
10.64,5,1.62219,1.74208,0.507561,1.22907,0.00544833,0
10.65,5,1.61871,1.73082,0.506671,1.23008,-0.00593538,0
10.66,5,1.62278,1.74178,0.507194,1.2311,0.0034851,0
10.67,5,1.62301,1.73462,0.506583,1.23211,-0.00407313,0
10.68,5,1.62058,1.73944,0.506548,1.23312,-0.000232533,0
10.69,5,1.62096,1.74348,0.506913,1.23414,0.00243121,0
10.7,5,1.62245,1.74163,0.506856,1.23515,-0.000379981,0
10.71,5,1.62423,1.74131,0.506632,1.23616,-0.00149018,0
10.72,5,1.62441,1.74177,0.506366,1.23718,-0.00177402,0
10.73,5,1.62196,1.74434,0.506338,1.23819,-0.000188624,0
10.74,5,1.62622,1.74837,0.506707,1.2392,0.00245895,0
10.75,5,1.62971,1.74201,0.506067,1.24021,-0.00426761,0
10.76,5,1.62676,1.74328,0.505544,1.24123,-0.00348601,0
10.77,5,1.62416,1.75117,0.505986,1.24224,0.00295019,0
10.78,5,1.62902,1.75222,0.506375,1.24325,0.00259428,0
10.79,5,1.63491,1.74506,0.505647,1.24426,-0.00485242,0
10.8,5,1.62844,1.74414,0.504764,1.24527,-0.00589176,0
10.81,5,1.63619,1.75849,0.505734,1.24628,0.00646921,0
10.82,5,1.63184,1.74411,0.504571,1.24729,-0.00775058,0
10.83,5,1.63857,1.75787,0.505224,1.2483,0.00434761,0
10.84,5,1.64311,1.7468,0.504214,1.24931,-0.00672763,0
10.85,5,1.64864,1.74931,0.503534,1.25032,-0.00453911,0
10.86,5,1.64824,1.74849,0.502703,1.25132,-0.00553512,0
10.87,5,1.64927,1.7555,0.502764,1.25233,0.000404183,0
10.88,5,1.64685,1.75492,0.50261,1.25333,-0.00102844,0
10.89,5,1.64498,1.75974,0.502973,1.25434,0.00242267,0
10.9,5,1.65358,1.76046,0.503253,1.25535,0.00186508,0
10.91,5,1.65998,1.74971,0.501963,1.25635,-0.00860075,0
10.92,5,1.65674,1.75196,0.501004,1.25735,-0.00639318,0
10.93,5,1.66271,1.76308,0.501489,1.25836,0.00323416,0
10.94,5,1.66925,1.75398,0.500594,1.25936,-0.00596829,0
10.95,5,1.67633,1.75342,0.499612,1.26036,-0.00654317,0
10.96,5,1.68244,1.75283,0.498551,1.26135,-0.0070757,0
10.97,5,1.68412,1.75388,0.497635,1.26235,-0.0061071,0
10.98,5,1.68658,1.75904,0.497381,1.26334,-0.00168927,0
10.99,5,1.69042,1.75889,0.497013,1.26434,-0.00245717,0
11,5,1.69249,1.75793,0.496437,1.26533,-0.00384135,0
11.01,5,1.70282,1.76039,0.496127,1.26632,-0.00206318,0
11.02,5,1.69407,1.75156,0.494577,1.26731,-0.0103313,0
11.03,5,1.69363,1.77294,0.49589,1.2683,0.00874996,0
11.04,5,1.69884,1.76569,0.495956,1.2693,0.000440775,0
11.05,5,1.69933,1.76025,0.495174,1.27029,-0.00521428,0
11.06,5,1.70357,1.76589,0.495101,1.27128,-0.000488271,0
11.07,5,1.69556,1.76249,0.494464,1.27226,-0.00424334,0
11.08,5,1.69603,1.77693,0.495665,1.27326,0.00800836,0
11.09,5,1.69744,1.76938,0.495595,1.27425,-0.0004671,0
11.1,5,1.69806,1.76922,0.495384,1.27524,-0.00140679,0
11.11,5,1.70425,1.7709,0.495291,1.27623,-0.000619448,0
11.12,5,1.70846,1.76539,0.494363,1.27722,-0.00618925,0
11.13,5,1.71174,1.76772,0.493731,1.2782,-0.00421294,0
11.14,5,1.71003,1.76915,0.49324,1.27919,-0.00327606,0
11.15,5,1.70988,1.77537,0.493495,1.28018,0.00170195,0
11.16,5,1.71123,1.77484,0.493518,1.28117,0.000153313,0
11.17,5,1.70606,1.77412,0.493315,1.28215,-0.00135004,0
11.18,5,1.71451,1.7824,0.494091,1.28314,0.00516959,0
11.19,5,1.71858,1.7685,0.492823,1.28413,-0.00845249,0
11.2,5,1.71715,1.77325,0.492213,1.28511,-0.00406928,0
11.21,5,1.71976,1.77995,0.492427,1.28609,0.001429,0
11.22,5,1.71834,1.77651,0.492036,1.28708,-0.00260913,0
11.23,5,1.7083,1.78174,0.492249,1.28806,0.00142456,0
11.24,5,1.71699,1.79285,0.493755,1.28905,0.0100408,0
11.25,5,1.72057,1.77379,0.492451,1.29004,-0.00869712,0
11.26,5,1.71858,1.77935,0.491914,1.29102,-0.00357991,0
11.27,5,1.71953,1.78621,0.492213,1.292,0.00199519,0
11.28,5,1.72376,1.78411,0.492071,1.29299,-0.000948993,0
11.29,5,1.73166,1.78117,0.491435,1.29397,-0.00423568,0
11.3,5,1.7307,1.77731,0.490251,1.29495,-0.00789284,0
11.31,5,1.72818,1.78728,0.490395,1.29593,0.000953743,0
11.32,5,1.72219,1.79021,0.490773,1.29691,0.00252149,0
11.33,5,1.73418,1.79556,0.491671,1.2979,0.00598812,0
11.34,5,1.73559,1.77677,0.489874,1.29888,-0.0119827,0
11.35,5,1.73081,1.7881,0.489661,1.29986,-0.00141458,0
11.36,5,1.73592,1.79599,0.490378,1.30084,0.00477605,0
11.37,5,1.74384,1.78632,0.489612,1.30182,-0.00510689,0
11.38,5,1.75251,1.7833,0.488424,1.30279,-0.00791838,0
11.39,5,1.75732,1.78222,0.487124,1.30377,-0.00866887,0
11.4,5,1.75426,1.78633,0.486401,1.30474,-0.00481606,0
11.41,5,1.75419,1.79563,0.48686,1.30571,0.00306016,0
11.42,5,1.75843,1.79364,0.486872,1.30669,7.6397e-05,0
11.43,5,1.75933,1.78965,0.486235,1.30766,-0.00424315,0
11.44,5,1.75635,1.79383,0.4861,1.30863,-0.000898734,0
11.45,5,1.7589,1.79913,0.486547,1.30961,0.0029797,0
11.46,5,1.75821,1.7942,0.486165,1.31058,-0.00254661,0
11.47,5,1.7664,1.7985,0.486268,1.31155,0.000684431,0
11.48,5,1.77066,1.78938,0.48504,1.31252,-0.00818556,0
11.49,5,1.76134,1.79363,0.484401,1.31349,-0.0042608,0
11.5,5,1.76103,1.80958,0.485799,1.31446,0.00931683,0
11.51,5,1.75706,1.80159,0.485845,1.31543,0.000312031,0
11.52,5,1.7611,1.80681,0.48644,1.31641,0.00396643,0
11.53,5,1.76163,1.79917,0.485835,1.31738,-0.0040381,0
11.54,5,1.76452,1.80357,0.485755,1.31835,-0.000532405,0
11.55,5,1.75732,1.80175,0.485322,1.31932,-0.00288873,0
11.56,5,1.75715,1.8139,0.486402,1.32029,0.0072062,0
11.57,5,1.75603,1.80786,0.486428,1.32126,0.000168379,0
11.58,5,1.75312,1.80996,0.486596,1.32224,0.00112238,0
11.59,5,1.75708,1.81315,0.487032,1.32321,0.00290592,0
11.6,5,1.75951,1.80666,0.486437,1.32419,-0.00396427,0
11.61,5,1.7655,1.80881,0.486073,1.32516,-0.00242556,0
11.62,5,1.77369,1.80532,0.485175,1.32613,-0.00598756,0
11.63,5,1.77555,1.80286,0.483947,1.3271,-0.00818739,0
11.64,5,1.77533,1.80986,0.483667,1.32806,-0.00186774,0
11.65,5,1.76615,1.81295,0.483701,1.32903,0.000222817,0
11.66,5,1.77173,1.82426,0.485078,1.33,0.0091846,0
11.67,5,1.772,1.80963,0.484241,1.33097,-0.00558225,0
11.68,5,1.78544,1.81586,0.484199,1.33194,-0.000275904,0
11.69,5,1.77786,1.80165,0.482184,1.3329,-0.013437,0
11.7,5,1.77068,1.82477,0.483321,1.33387,0.00757792,0
11.71,5,1.77268,1.82641,0.484397,1.33484,0.00717782,0
11.72,5,1.78247,1.81791,0.484099,1.33581,-0.00199107,0
11.73,5,1.78818,1.80961,0.48263,1.33677,-0.00979375,0
11.74,5,1.78933,1.81379,0.481772,1.33773,-0.00571395,0
11.75,5,1.79186,1.81915,0.4816,1.3387,-0.00115132,0
11.76,5,1.79568,1.81835,0.481221,1.33966,-0.00252587,0
11.77,5,1.79697,1.81745,0.480648,1.34062,-0.00381632,0
11.78,5,1.79523,1.82074,0.480454,1.34158,-0.00129581,0
11.79,5,1.80489,1.825,0.480715,1.34254,0.00174085,0
11.8,5,1.79898,1.81312,0.479267,1.3435,-0.00965352,0
11.81,5,1.79969,1.83052,0.480153,1.34446,0.00590774,0
11.82,5,1.7936,1.82475,0.480046,1.34542,-0.00071592,0
11.83,5,1.79228,1.83343,0.480959,1.34638,0.00608997,0
11.84,5,1.80114,1.82983,0.481158,1.34735,0.00132291,0
11.85,5,1.80286,1.81928,0.479829,1.34831,-0.00885651,0
11.86,5,1.80711,1.82711,0.479571,1.34927,-0.00172326,0
11.87,5,1.81295,1.82491,0.478934,1.35022,-0.00424455,0
11.88,5,1.81531,1.82339,0.478058,1.35118,-0.00584478,0
11.89,5,1.81043,1.82748,0.477703,1.35213,-0.00236037,0
11.9,5,1.80533,1.83641,0.478435,1.35309,0.00488023,0
11.91,5,1.80318,1.83836,0.479201,1.35405,0.00510418,0
11.92,5,1.7914,1.83668,0.479523,1.35501,0.00214445,0
11.93,5,1.79319,1.84904,0.48129,1.35597,0.0117798,0
11.94,5,1.79498,1.83617,0.481022,1.35693,-0.00178618,0
11.95,5,1.7983,1.83685,0.480753,1.3579,-0.00179491,0
11.96,5,1.79716,1.83579,0.480255,1.35886,-0.00332062,0
11.97,5,1.80516,1.84138,0.480425,1.35982,0.00113935,0
11.98,5,1.79906,1.832,0.479226,1.36077,-0.0079986,0
11.99,5,1.79862,1.84798,0.480142,1.36174,0.00610603,0
12,5,1.79733,1.84334,0.480207,1.3627,0.000434186,0
12.01,5,1.80158,1.84534,0.4804,1.36366,0.00128844,0
12.02,5,1.80462,1.84013,0.479763,1.36462,-0.00424533,0
12.03,5,1.8025,1.84185,0.479308,1.36557,-0.00303594,0
12.04,5,1.80337,1.84828,0.479625,1.36653,0.00211844,0
12.05,5,1.7981,1.84612,0.479495,1.36749,-0.000871402,0
12.06,5,1.80443,1.854,0.480285,1.36845,0.00526536,0
12.07,5,1.80461,1.84242,0.479336,1.36941,-0.0063265,0
12.08,5,1.81017,1.8495,0.479309,1.37037,-0.000176196,0
12.09,5,1.81169,1.84423,0.478474,1.37133,-0.00556842,0
12.1,5,1.81574,1.84901,0.478246,1.37228,-0.00151984,0
12.11,5,1.82244,1.84683,0.477638,1.37324,-0.00404965,0
12.12,5,1.82369,1.84413,0.476635,1.37419,-0.00669305,0
12.13,5,1.8203,1.85034,0.476447,1.37515,-0.00125253,0
12.14,5,1.82754,1.85645,0.476956,1.3761,0.00339238,0
12.15,5,1.82799,1.84568,0.475869,1.37705,-0.00724129,0
12.16,5,1.82691,1.85335,0.475801,1.378,-0.000453897,0
12.17,5,1.82601,1.856,0.475964,1.37895,0.00108416,0
12.18,5,1.82691,1.8569,0.476098,1.37991,0.000896145,0
12.19,5,1.82379,1.85593,0.475964,1.38086,-0.000894721,0
12.2,5,1.81768,1.86136,0.476431,1.38181,0.00311314,0
12.21,5,1.82556,1.86623,0.477348,1.38277,0.00611109,0
12.22,5,1.82904,1.852,0.476166,1.38372,-0.00788035,0
12.23,5,1.83164,1.85683,0.475643,1.38467,-0.00348135,0
12.24,5,1.83968,1.85828,0.475255,1.38562,-0.00259196,0
12.25,5,1.85236,1.85258,0.474048,1.38657,-0.00804189,0
12.26,5,1.86244,1.84697,0.472146,1.38751,-0.0126849,0
12.27,5,1.85783,1.84901,0.470634,1.38845,-0.0100794,0
12.28,5,1.85503,1.86533,0.471325,1.3894,0.00461111,0
12.29,5,1.85129,1.86488,0.471745,1.39034,0.00279635,0
12.3,5,1.85208,1.86733,0.472306,1.39128,0.00374315,0
12.31,5,1.8525,1.86363,0.472188,1.39223,-0.000785976,0
12.32,5,1.85577,1.86488,0.472125,1.39317,-0.000421715,0
12.33,5,1.8528,1.86248,0.471634,1.39412,-0.00327403,0
12.34,5,1.85207,1.87011,0.47208,1.39506,0.00297378,0
12.35,5,1.84444,1.86892,0.472189,1.39601,0.000728441,0
12.36,5,1.85457,1.87791,0.473334,1.39695,0.00762795,0
12.37,5,1.86007,1.85958,0.471814,1.3979,-0.0101302,0
12.38,5,1.86005,1.86433,0.47099,1.39884,-0.00549615,0
12.39,5,1.86579,1.87079,0.470992,1.39978,1.74373e-05,0
12.4,5,1.86304,1.86511,0.470131,1.40072,-0.00574143,0
12.41,5,1.86607,1.87496,0.470544,1.40166,0.00275536,0
12.42,5,1.87137,1.86966,0.470089,1.4026,-0.00303513,0
12.43,5,1.87894,1.86753,0.469294,1.40354,-0.0053002,0
12.44,5,1.87482,1.86507,0.46816,1.40448,-0.00756308,0
12.45,5,1.87196,1.8783,0.468777,1.40541,0.00411369,0
12.46,5,1.87836,1.87842,0.469206,1.40635,0.00286,0
12.47,5,1.88185,1.86913,0.468246,1.40729,-0.00639992,0
12.48,5,1.881,1.87246,0.467723,1.40822,-0.00348361,0
12.49,5,1.88422,1.87785,0.467849,1.40916,0.000841329,0
12.5,5,1.88064,1.87425,0.467367,1.41009,-0.00321532,0
12.51,5,1.87865,1.88251,0.467904,1.41103,0.00357977,0
12.52,5,1.87758,1.88216,0.468202,1.41197,0.00198655,0
12.53,5,1.86892,1.88234,0.468363,1.4129,0.00107433,0
12.54,5,1.86732,1.89216,0.469661,1.41384,0.00865507,0
12.55,5,1.87569,1.88629,0.469902,1.41478,0.0016037,0
12.56,5,1.87525,1.876,0.468647,1.41572,-0.00836661,0
12.57,5,1.86966,1.88581,0.468713,1.41666,0.000441984,0
12.58,5,1.86565,1.89274,0.469552,1.4176,0.00559004,0
12.59,5,1.86655,1.89269,0.470152,1.41854,0.00400327,0
12.6,5,1.87048,1.8886,0.470018,1.41948,-0.000896799,0
12.61,5,1.8713,1.88591,0.469428,1.42042,-0.00393466,0
12.62,5,1.86521,1.88984,0.469304,1.42135,-0.000821169,0
12.63,5,1.86628,1.89861,0.470219,1.42229,0.00609701,0
12.64,5,1.86366,1.89222,0.470058,1.42323,-0.0010751,0
12.65,5,1.86975,1.89724,0.47045,1.42418,0.00261809,0
12.66,5,1.86727,1.88857,0.469538,1.42511,-0.00608383,0
12.67,5,1.87586,1.89844,0.469909,1.42605,0.00247818,0
12.68,5,1.87868,1.88702,0.46862,1.42699,-0.00859373,0
12.69,5,1.8783,1.89331,0.468198,1.42793,-0.00281852,0
12.7,5,1.88686,1.8975,0.468255,1.42886,0.000379721,0
12.71,5,1.88889,1.88821,0.466971,1.4298,-0.00855984,0
12.72,5,1.89005,1.89537,0.466666,1.43073,-0.00202756,0
12.73,5,1.8899,1.897,0.466493,1.43166,-0.00115547,0
12.74,5,1.89461,1.89926,0.466516,1.4326,0.00014935,0
12.75,5,1.90022,1.89462,0.465808,1.43353,-0.00471419,0
12.76,5,1.90856,1.89382,0.464967,1.43446,-0.00560975,0
12.77,5,1.90051,1.89077,0.463717,1.43539,-0.0083349,0
12.78,5,1.89766,1.90929,0.464924,1.43632,0.00804937,0
12.79,5,1.88285,1.90544,0.465351,1.43725,0.00284573,0
12.8,5,1.87579,1.92056,0.467572,1.43818,0.0148084,0
12.81,5,1.87585,1.91482,0.468632,1.43912,0.00706488,0
12.82,5,1.87388,1.90862,0.468623,1.44006,-6.29833e-05,0
12.83,5,1.88515,1.91189,0.468918,1.44099,0.00197284,0
12.84,5,1.88691,1.89789,0.467228,1.44193,-0.0112693,0
12.85,5,1.89175,1.90806,0.466963,1.44286,-0.00176728,0
12.86,5,1.88979,1.9052,0.466238,1.4438,-0.00483294,0
12.87,5,1.88322,1.91321,0.466531,1.44473,0.0019531,0
12.88,5,1.876,1.91975,0.467516,1.44566,0.00656837,0
12.89,5,1.88758,1.92243,0.4686,1.4466,0.00722521,0
12.9,5,1.88876,1.90282,0.466863,1.44753,-0.011581,0
12.91,5,1.88581,1.91398,0.466687,1.44847,-0.00117558,0
12.92,5,1.87635,1.91948,0.467129,1.4494,0.00294967,0
12.93,5,1.87583,1.92834,0.468547,1.45034,0.00945376,0
12.94,5,1.88139,1.92042,0.468625,1.45128,0.000518563,0
12.95,5,1.88399,1.91445,0.467791,1.45221,-0.00555701,0
12.96,5,1.87771,1.91795,0.467402,1.45315,-0.00259597,0
12.97,5,1.87928,1.9287,0.468343,1.45408,0.00627581,0
12.98,5,1.87729,1.92156,0.468108,1.45502,-0.00156797,0
12.99,5,1.87015,1.92635,0.468406,1.45596,0.00198934,0
13,5,1.86814,1.93351,0.469477,1.4569,0.00713554,0
13.01,5,1.87223,1.92963,0.469779,1.45784,0.00201512,0
13.02,5,1.87024,1.92385,0.469165,1.45877,-0.00409246,0
13.03,5,1.87685,1.93116,0.469463,1.45971,0.00198838,0
13.04,5,1.87746,1.92252,0.468473,1.46065,-0.00660493,0
13.05,5,1.88788,1.92935,0.468381,1.46159,-0.000613161,0
13.06,5,1.89136,1.91892,0.466819,1.46252,-0.0104144,0
13.07,5,1.89554,1.92627,0.466296,1.46345,-0.0034818,0
13.08,5,1.89873,1.92587,0.46567,1.46438,-0.00417881,0
13.09,5,1.89016,1.92731,0.465191,1.46531,-0.00319122,0
13.1,5,1.90089,1.94129,0.466476,1.46625,0.00856796,0
13.11,5,1.90235,1.92131,0.464867,1.46718,-0.0107296,0
13.12,5,1.90391,1.93129,0.464648,1.46811,-0.00145921,0
13.13,5,1.91122,1.93189,0.464414,1.46904,-0.00156129,0
13.14,5,1.9095,1.92597,0.463318,1.46996,-0.00730594,0
13.15,5,1.90603,1.93618,0.463575,1.47089,0.00171349,0
13.16,5,1.90306,1.93938,0.464095,1.47182,0.0034703,0
13.17,5,1.90406,1.94026,0.464541,1.47275,0.00297331,0
13.18,5,1.90562,1.93707,0.464392,1.47367,-0.000996456,0
13.19,5,1.91172,1.93719,0.464157,1.4746,-0.00156531,0
13.2,5,1.91123,1.93267,0.463242,1.47553,-0.00610041,0
13.21,5,1.91245,1.94026,0.463315,1.47646,0.000486279,0
13.22,5,1.91177,1.9393,0.463132,1.47738,-0.00121592,0
13.23,5,1.9154,1.94223,0.463235,1.47831,0.000684143,0
13.24,5,1.91209,1.93829,0.46269,1.47923,-0.00363448,0
13.25,5,1.91989,1.94666,0.463187,1.48016,0.00331558,0
13.26,5,1.923,1.9353,0.462017,1.48108,-0.00780356,0
13.27,5,1.92325,1.94045,0.46155,1.48201,-0.00311267,0
13.28,5,1.92091,1.9442,0.461513,1.48293,-0.000243573,0
13.29,5,1.92334,1.94805,0.461863,1.48385,0.00233486,0
13.3,5,1.92162,1.94385,0.461499,1.48478,-0.0024285,0
13.31,5,1.91704,1.94918,0.461757,1.4857,0.0017215,0
13.32,5,1.91947,1.95364,0.462443,1.48663,0.00457373,0
13.33,5,1.92581,1.9472,0.462079,1.48755,-0.00242773,0
13.34,5,1.9268,1.94327,0.461129,1.48847,-0.0063341,0
13.35,5,1.92214,1.94937,0.460979,1.48939,-0.000999041,0
13.36,5,1.92482,1.95666,0.461679,1.49032,0.00466297,0
13.37,5,1.93499,1.94984,0.461277,1.49124,-0.00267952,0
13.38,5,1.93746,1.94174,0.459751,1.49216,-0.0101703,0
13.39,5,1.9339,1.94999,0.459381,1.49308,-0.00246934,0
13.4,5,1.92929,1.95748,0.459915,1.494,0.00356257,0
13.41,5,1.9274,1.96013,0.460606,1.49492,0.00460731,0
13.42,5,1.93072,1.95862,0.46089,1.49584,0.0018915,0
13.43,5,1.93841,1.95383,0.460391,1.49676,-0.00332483,0
13.44,5,1.93869,1.94924,0.459239,1.49768,-0.00768193,0
13.45,5,1.93151,1.95751,0.459196,1.4986,-0.000285949,0
13.46,5,1.92401,1.96697,0.460273,1.49952,0.00718051,0
13.47,5,1.92042,1.96935,0.461399,1.50044,0.00750554,0
13.48,5,1.91415,1.9669,0.461938,1.50137,0.00359092,0
13.49,5,1.91408,1.97144,0.462878,1.50229,0.0062655,0
13.5,5,1.91981,1.96617,0.462887,1.50322,6.5891e-05,0
13.51,5,1.92135,1.96044,0.462028,1.50414,-0.00573001,0
13.52,5,1.92169,1.96533,0.461798,1.50507,-0.00153201,0
13.53,5,1.9305,1.96739,0.461746,1.50599,-0.000347439,0
13.54,5,1.92059,1.95853,0.460425,1.50691,-0.00880808,0
13.55,5,1.92765,1.97966,0.461912,1.50783,0.00991614,0
13.56,5,1.92646,1.96255,0.460853,1.50876,-0.00706045,0
13.57,5,1.93132,1.9719,0.461031,1.50968,0.00118708,0
13.58,5,1.9294,1.96604,0.460302,1.5106,-0.00485829,0
13.59,5,1.92701,1.97403,0.460591,1.51152,0.00192044,0
13.6,5,1.92303,1.97578,0.460949,1.51244,0.00238895,0
13.61,5,1.92405,1.97888,0.461545,1.51336,0.00397459,0
13.62,5,1.93238,1.97466,0.461392,1.51429,-0.00101998,0
13.63,5,1.92421,1.96702,0.460143,1.51521,-0.00832586,0
13.64,5,1.92433,1.98567,0.461368,1.51613,0.00816816,0
13.65,5,1.91726,1.97829,0.461351,1.51705,-0.000117242,0
13.66,5,1.91891,1.98745,0.462411,1.51798,0.00706568,0
13.67,5,1.92421,1.97942,0.462163,1.5189,-0.00164886,0
13.68,5,1.92022,1.9759,0.461369,1.51982,-0.00529715,0
13.69,5,1.91817,1.9867,0.461967,1.52075,0.0039849,0
13.7,5,1.92311,1.986,0.462274,1.52167,0.00204917,0
13.71,5,1.93016,1.97919,0.461533,1.5226,-0.00493744,0
13.72,5,1.93097,1.97694,0.460476,1.52352,-0.00704933,0
13.73,5,1.92823,1.98399,0.460355,1.52444,-0.000805828,0
13.74,5,1.92666,1.98886,0.460765,1.52536,0.00273602,0
13.75,5,1.92884,1.98885,0.461,1.52628,0.00156705,0
13.76,5,1.93829,1.98569,0.460673,1.5272,-0.00218141,0
13.77,5,1.94106,1.97793,0.459257,1.52812,-0.00944384,0
13.78,5,1.94879,1.98511,0.458841,1.52904,-0.00276991,0
13.79,5,1.94656,1.9799,0.457681,1.52995,-0.00773284,0
13.8,5,1.93927,1.99111,0.458016,1.53087,0.00222883,0
13.81,5,1.93029,1.99819,0.459109,1.53179,0.00729094,0
13.82,5,1.93264,2.00214,0.460456,1.53271,0.00897925,0
13.83,5,1.92893,1.99138,0.460104,1.53363,-0.00234964,0
13.84,5,1.92633,1.99892,0.46066,1.53455,0.00370856,0
13.85,5,1.92943,1.99912,0.46105,1.53547,0.00259972,0
13.86,5,1.92224,1.99388,0.460585,1.53639,-0.00309777,0
13.87,5,1.92703,2.00618,0.461664,1.53732,0.00719375,0
13.88,5,1.91611,1.9944,0.460946,1.53824,-0.00478775,0
13.89,5,1.92065,2.01267,0.462584,1.53916,0.0109176,0
13.9,5,1.91252,1.99745,0.461902,1.54009,-0.00454405,0
13.91,5,1.91283,2.01227,0.463122,1.54101,0.00813288,0
13.92,5,1.91559,2.00471,0.463075,1.54194,-0.00031102,0
13.93,5,1.91781,2.00277,0.462662,1.54287,-0.00275554,0
13.94,5,1.92452,2.0039,0.462329,1.54379,-0.00222043,0
13.95,5,1.92671,1.99932,0.461322,1.54471,-0.00671534,0
13.96,5,1.9283,2.00444,0.460994,1.54564,-0.00218576,0
13.97,5,1.92548,2.00571,0.460754,1.54656,-0.00159775,0
13.98,5,1.92747,2.01148,0.461178,1.54748,0.00282719,0
13.99,5,1.93146,2.00729,0.460879,1.5484,-0.001994,0
14,5,1.93199,2.00562,0.460281,1.54932,-0.00398666,0
14.01,5,1.93265,2.00992,0.460202,1.55024,-0.000527212,0
14.02,5,1.92616,2.0106,0.460102,1.55116,-0.000665189,0
14.03,5,1.93938,2.01965,0.461076,1.55208,0.00649056,0
14.04,5,1.93501,1.99887,0.459093,1.553,-0.0132207,0
14.05,5,1.93669,2.01804,0.459748,1.55392,0.00436688,0
14.06,5,1.94117,2.01267,0.459497,1.55484,-0.0016719,0
14.07,5,1.94295,2.0101,0.458825,1.55576,-0.00448253,0
14.08,5,1.94171,2.01345,0.458558,1.55668,-0.00178011,0
14.09,5,1.94413,2.01757,0.458743,1.55759,0.00123687,0
14.1,5,1.94072,2.01447,0.458381,1.55851,-0.00241783,0
14.11,5,1.94599,2.02173,0.458892,1.55943,0.00341064,0
14.12,5,1.94469,2.01318,0.458102,1.56034,-0.00526968,0
14.13,5,1.9444,2.02085,0.458296,1.56126,0.00129604,0
14.14,5,1.93657,2.02081,0.45834,1.56218,0.000293058,0
14.15,5,1.94105,2.03044,0.459515,1.5631,0.00783029,0
14.16,5,1.93916,2.01838,0.458843,1.56401,-0.00448055,0
14.17,5,1.92609,2.02595,0.459127,1.56493,0.00189393,0
14.18,5,1.92996,2.04,0.461086,1.56585,0.0130628,0
14.19,5,1.93101,2.02341,0.460505,1.56678,-0.00387107,0
14.2,5,1.938,2.027,0.460348,1.5677,-0.00104716,0
14.21,5,1.94479,2.02093,0.459301,1.56861,-0.00698521,0
14.22,5,1.94057,2.02102,0.458282,1.56953,-0.00679147,0
14.23,5,1.9441,2.03358,0.458915,1.57045,0.00422022,0
14.24,5,1.95664,2.02622,0.458385,1.57137,-0.00353121,0
14.25,5,1.95686,2.01625,0.456505,1.57228,-0.0125374,0
14.26,5,1.95949,2.02944,0.456472,1.57319,-0.000219341,0
14.27,5,1.96228,2.02755,0.456077,1.5741,-0.0026325,0
14.28,5,1.97368,2.02788,0.455658,1.57502,-0.00278915,0
14.29,5,1.97748,2.01847,0.453948,1.57592,-0.0114046,0
14.3,5,1.97242,2.02641,0.453378,1.57683,-0.00379598,0
14.31,5,1.96799,2.03694,0.454138,1.57774,0.00506182,0
14.32,5,1.97945,2.03788,0.454802,1.57865,0.0044301,0
14.33,5,1.98728,2.02117,0.453083,1.57955,-0.0114627,0
14.34,5,1.98191,2.02453,0.451908,1.58046,-0.00783292,0
14.35,5,1.98183,2.03945,0.452713,1.58136,0.00537014,0
14.36,5,1.98382,2.03507,0.452725,1.58227,7.98344e-05,0
14.37,5,1.97318,2.03361,0.452427,1.58317,-0.00198817,0
14.38,5,1.98065,2.04874,0.454023,1.58408,0.0106391,0
14.39,5,1.98704,2.03042,0.452903,1.58499,-0.0074657,0
14.4,5,1.99428,2.03144,0.451944,1.58589,-0.00639308,0
14.41,5,2.00489,2.03041,0.450858,1.58679,-0.00723898,0
14.42,5,2.00626,2.02635,0.449267,1.58769,-0.0106092,0
14.43,5,2.00934,2.03628,0.449061,1.58859,-0.00137201,0
14.44,5,2.00896,2.03501,0.448599,1.58949,-0.00307883,0
14.45,5,2.005,2.03941,0.448655,1.59038,0.000375001,0
14.46,5,2.00717,2.0445,0.44925,1.59128,0.00396553,0
14.47,5,1.99868,2.03893,0.448924,1.59218,-0.00217708,0
14.48,5,1.99935,2.05177,0.450198,1.59308,0.00849168,0
14.49,5,2.00689,2.04341,0.450097,1.59398,-0.000669256,0
14.5,5,2.01022,2.03631,0.448967,1.59488,-0.00753257,0
14.51,5,2.01265,2.04091,0.448467,1.59578,-0.0033323,0
14.52,5,2.01646,2.04234,0.448102,1.59667,-0.00243735,0
14.53,5,2.01555,2.04129,0.447531,1.59757,-0.00380657,0
14.54,5,2.01692,2.04704,0.447668,1.59846,0.000911789,0
14.55,5,2.01653,2.04545,0.447462,1.59936,-0.00137226,0
14.56,5,2.01686,2.04817,0.447521,1.60025,0.000392587,0
14.57,5,2.02566,2.04829,0.447472,1.60115,-0.000327186,0
14.58,5,2.02566,2.03938,0.446151,1.60204,-0.00880626,0
14.59,5,2.02392,2.04908,0.44615,1.60293,-1.46135e-06,0
14.6,5,2.02826,2.05198,0.446412,1.60382,0.00174285,0
14.61,5,2.02218,2.04614,0.445761,1.60472,-0.00433574,0
14.62,5,2.02689,2.05836,0.446673,1.60561,0.00607579,0
14.63,5,2.02673,2.04776,0.445967,1.6065,-0.00470412,0
14.64,5,2.02562,2.05354,0.445991,1.60739,0.000155901,0
14.65,5,2.01862,2.05555,0.446157,1.60829,0.00110634,0
14.66,5,2.02062,2.06339,0.447207,1.60918,0.00700189,0
14.67,5,2.02091,2.05498,0.446906,1.61007,-0.00200327,0
14.68,5,2.01345,2.05754,0.446863,1.61097,-0.000288663,0
14.69,5,2.01686,2.06731,0.447982,1.61186,0.007463,0
14.7,5,2.01572,2.05682,0.447472,1.61276,-0.00340597,0
14.71,5,2.01186,2.06243,0.447642,1.61365,0.00113507,0
14.72,5,2.00815,2.06663,0.448221,1.61455,0.00385984,0
14.73,5,1.99954,2.06794,0.448777,1.61545,0.00370977,0
14.74,5,1.9951,2.07503,0.450069,1.61635,0.00861446,0
14.75,5,2.00279,2.07243,0.450736,1.61725,0.0044408,0
14.76,5,2.00346,2.06004,0.449582,1.61815,-0.00769074,0
14.77,5,1.99768,2.06786,0.449481,1.61905,-0.000671255,0
14.78,5,2.01041,2.07608,0.450348,1.61995,0.00578088,0
14.79,5,2.01321,2.05655,0.448438,1.62085,-0.0127349,0
14.8,5,2.02115,2.06696,0.448019,1.62174,-0.0027976,0
14.81,5,2.02455,2.06152,0.446827,1.62264,-0.00794487,0
14.82,5,2.02605,2.06645,0.446318,1.62353,-0.00339217,0
14.83,5,2.02698,2.069,0.446092,1.62442,-0.0015074,0
14.84,5,2.0185,2.07034,0.445954,1.62531,-0.000922311,0
14.85,5,2.01582,2.08191,0.447225,1.62621,0.00847603,0
14.86,5,2.02717,2.07741,0.447628,1.6271,0.00268479,0
14.87,5,2.02578,2.06257,0.445925,1.62799,-0.0113499,0
14.88,5,2.01612,2.07641,0.446134,1.62889,0.00138927,0
14.89,5,2.02265,2.08701,0.447581,1.62978,0.00965252,0
14.9,5,2.03264,2.07075,0.446602,1.63067,-0.00652822,0
14.91,5,2.03742,2.06668,0.445104,1.63156,-0.00998685,0
14.92,5,2.03015,2.07206,0.444387,1.63245,-0.00478364,0
14.93,5,2.02285,2.0861,0.445478,1.63334,0.00727671,0
14.94,5,2.00406,2.08811,0.446573,1.63424,0.00729868,0
14.95,5,2.00761,2.10331,0.44939,1.63514,0.0187828,0
14.96,5,2.01071,2.08135,0.448859,1.63603,-0.00354146,0
14.97,5,2.01203,2.08222,0.448393,1.63693,-0.00310738,0
14.98,5,2.00358,2.0847,0.448195,1.63783,-0.00131799,0
14.99,5,2.00844,2.09665,0.449464,1.63873,0.0084558,0
15,5,2.00516,2.0835,0.448734,1.63962,-0.00486235,0
